courier_id,first_name,last_name,courier_contact
01HQBKYPW13XV9ZTW8Q3T76Z6X,Cy,Bullan,+44 322 747 5398
01HQBKYPW2N0YY89DTSWDQABGE,Cathrine,Braghini,+44 615 100 7076
01HQBKYPW4SNZZ3EZDV9J8ZH81,Jolyn,Lindley,+44 923 412 4904
01HQBKYPW5SCQMXS5N7QWJ3QG3,Pansie,Dunsmore,+44 384 483 4492
01HQBKYPW6ZW9JXXR09PEHD44B,Kath,Ricciardi,+44 659 843 0823
01HQBKYPW7GD0VW0ZA5FJ81BBT,Daisie,Nelles,+44 266 997 9223
01HQBKYPW7NPB4GP3V90MX6T69,Ricca,Dressel,+44 814 578 5612
01HQBKYPW8N5Y125SY3RD2MWTP,York,Spurdon,+44 217 271 3058
01HQBKYPW8DYH983TX9DWQXZ92,Vince,Leuty,+44 911 765 2874
01HQBKYPW9G7MBFC45AXY2D609,Juditha,Staziker,+44 149 567 4562
01HQBKYPWA8GHQ27RJWR84ASAF,Hallsy,Bishopp,+44 478 677 1868
01HQBKYPWB9C35X01HKWG4SPTV,Andros,Gainor,+44 413 919 9405
01HQBKYPWCDPSGG2ZDP0GQG7F5,Isador,Geertz,+44 292 825 8892
01HQBKYPWCQY4904GMQR1M42CE,Marianna,Hulland,+44 998 491 2549
01HQBKYPWD9H5AQY5ZKBRHZCD8,Randa,Brundale,+44 350 144 8224
01HQBKYPWEND2MEW9VKA9P20WF,Starlene,Fellos,+44 500 447 5719
01HQBKYPWF8HK1GFX6H417JQYC,Tonie,Scowcraft,+44 978 344 2190
01HQBKYPWGJ352HW8Z5M8XDPEX,Julianna,Meardon,+44 314 599 1987
01HQBKYPWHRV8R2BHWM15Y0R99,Ferdinande,O'Heagertie,+44 441 588 4603
01HQBKYPWHRYMHNF8PFM7YGSXT,Livy,Donaway,+44 972 212 7195
01HQBKYPWJDCT15AJF5V4W7N2R,Den,Bould,+44 489 564 2627
01HQBKYPWKEP1JTCYG1KNXKSN4,Quinton,Hawford,+44 335 869 0593
01HQBKYPWM7ZW3A2TTPDT7185S,Germaine,McKenna,+44 338 419 9453
01HQBKYPWNJS1GN76RDJX7XCHQ,Janette,Glyssanne,+44 794 491 0454
01HQBKYPWPFHPQM765FFTPW1XT,Elonore,Carlesi,+44 311 294 2107
01HQBKYPWQ63NYNMWQXY9DJVYV,Regine,Robins,+44 395 117 0383
01HQBKYPWR5BYA1R8EF334XPAK,Rockie,Marlow,+44 545 116 1246
01HQBKYPWT5VX7PX7SCDFWQDV2,Sebastian,Kording,+44 340 689 8319
01HQBKYPWT240V9RB05V0QT6FX,Tammy,Retallick,+44 124 913 8745
01HQBKYPWTWCNC32MW8EHWVTCX,Clywd,Glassard,+44 649 918 7381
01HQBKYPWVK333J05PTKS6TSV8,Valry,Bladen,+44 193 667 4684
01HQBKYPWV4S8S4CZP26B9G4R2,Teena,Boeck,+44 829 709 9844
01HQBKYPWWMP30R6KNX57FM4HW,Mozelle,Carse,+44 947 273 9921
01HQBKYPWXNYE4VBVRH55DJBRF,Alejandro,Carncross,+44 682 563 9269
01HQBKYPWXBBD9SXBGMZ7RB27H,Freedman,Cerro,+44 590 782 4809
01HQBKYPWYW1JK4D08RRV20DQF,Carlyn,Rozalski,+44 901 698 3688
01HQBKYPWZXBS0454EBJR9DGWC,Caria,Goodburn,+44 309 758 0273
01HQBKYPX034ZQP7C8GRQPNFCA,Anstice,Grzes,+44 783 902 3114
01HQBKYPX2SN89AT64JMM174PE,Yancey,Khalid,+44 509 862 4821
01HQBKYPX3P35VMKGCXH4CHQ4N,Cynthia,Zorer,+44 289 995 6663
01HQBKYPX4KQX0ZT18GZSR65CJ,Fitzgerald,Lillyman,+44 110 519 3058
01HQBKYPX5M96XDN6PS8YAWBAS,Willdon,Derisley,+44 840 831 9667
01HQBKYPX5N3RH92ZPDGA2DNYQ,Libbie,Topping,+44 998 809 1024
01HQBKYPX6K55A0SYZFXFCMB6P,Forster,Sadat,+44 116 813 5422
01HQBKYPX6CVKMMGVCRN3R7CS7,Pierette,Sproson,+44 792 394 7998
01HQBKYPX7Z88PGYNYY5A7687Q,Heywood,Dunthorn,+44 486 866 8860
01HQBKYPX7Q3F48VJBYF9QXKQ5,Jock,Walthew,+44 508 331 6192
01HQBKYPX7X4Z5QQFZ2NYDDY51,Meyer,Delamaine,+44 601 556 1485
01HQBKYPX85GHHX8X2GZN1WN2S,Maud,Diable,+44 685 512 4398
01HQBKYPX8C370KJWRM5MAK3DN,Dorri,Cannavan,+44 585 520 8997
01HQBKYPX97VWCF31SVZYXHP0N,Hastie,Suddaby,+44 467 295 3077
01HQBKYPXADQ57SSRD3RFHMG5T,Kimberli,Sworn,+44 137 789 4398
01HQBKYPXBC5GDMQT0A3Z521XS,Alon,Clinton,+44 274 850 3091
01HQBKYPXCDXKHDMVGAXAVPJ3N,Debi,Podmore,+44 508 970 5548
01HQBKYPXD66GC6069QXW2AJMF,Clyve,Keston,+44 454 137 7017
01HQBKYPXE2Y9332TMWQB53JMQ,Valina,Oleszczak,+44 502 785 1473
01HQBKYPXFQG2J9S88JYMBENQM,Gleda,Varley,+44 314 745 4400
01HQBKYPXG2QNXT8GHH7T5N5VE,Shaina,Nicholl,+44 473 432 2324
01HQBKYPXHJR4JT6M6XQWBDEDP,Janeczka,Dudmarsh,+44 273 251 5492
01HQBKYPXJY9P31QXY498GJG4B,Freddy,Caramuscia,+44 632 561 3835
01HQBKYPXJJP0DC86Y6F73R19G,Cordie,Lathaye,+44 120 854 1934
01HQBKYPXKDKB1FMZB8BFFBPM7,Cedric,Jozsika,+44 270 355 4091
01HQBKYPXMQZXCSKB64DMZ58QJ,Waring,Loody,+44 647 332 1266
01HQBKYPXMWCG1QBC5SCQ8ECKH,Goddart,Yukhtin,+44 341 444 4281
01HQBKYPXMGXQTRK9KB5Q4JDW4,Wendi,Christaeas,+44 752 704 5245
01HQBKYPXNT6AJ0PK0VT5DWSHG,Dayle,Setchell,+44 276 148 1500
01HQBKYPXP7SV9T72ST3N46MFA,Jose,Iskowicz,+44 402 774 6980
01HQBKYPXQ30STEGQRDHV4PDDH,Cordelia,Hembling,+44 674 724 2733
01HQBKYPXRFSBM16FAS994BZ60,Marsha,Ohms,+44 566 438 5540
01HQBKYPXS3641CXVXC075X2HJ,Pat,Mullany,+44 326 151 7968
01HQBKYPXT14ZFPZP3EEV1Q894,Stephana,Andersson,+44 356 186 3153
01HQBKYPXT9YY2TBJ6DPMH7NCB,Justino,Horick,+44 570 717 7835
01HQBKYPXVGTAEYZ24QEXS39BC,Hailey,Caherny,+44 335 447 4751
01HQBKYPXVTWRV510EM7V4GY2B,Clifford,Po,+44 862 985 4589
01HQBKYPXWYC8WT9SA6Q4S9JN6,Carolynn,Pleaden,+44 631 202 5972
01HQBKYPXWXZ8ESCGVZYBAPSTA,Jeth,Rawles,+44 635 773 4695
01HQBKYPXXZKMP196YF7WGKG6S,Sarene,Renwick,+44 111 990 5153
01HQBKYPXX9WCJZJ29ZBHCRRHK,Zechariah,Hamprecht,+44 510 984 7016
01HQBKYPXYSZS8WJWQ4H5C6W5M,Scottie,Dufour,+44 482 858 4321
01HQBKYPXYBBWE7SGBDH6W7XZR,Tremayne,Cromblehome,+44 374 208 2786
01HQBKYPXYXSWZDJPR75XFX68S,Siegfried,Landman,+44 828 424 7339
01HQBKYPXZEVSPDQA2E1YE0QWA,Broddy,O'Flannery,+44 513 369 9023
01HQBKYPXZ780BXMJ1EB8JTFJ6,Barbi,O' Scallan,+44 521 909 4208
01HQBKYPY0KGYVB8DXEE6XNE8M,Tabitha,O'Kenny,+44 393 261 6093
01HQBKYPY00GP7RS6JGMPT8PZY,Remy,Morrallee,+44 691 945 8214
01HQBKYPY1WJ06KMFX3WK76XF2,Isabella,Sreenan,+44 196 366 3378
01HQBKYPY1QW62A5MVRWRWTHV6,Boy,Maudling,+44 846 514 8194
01HQBKYPY2J96N7Z213ASY7C5M,Arty,Beardmore,+44 796 534 9171
01HQBKYPY29PBGT8Z0PHWBKN63,Goober,Cracknell,+44 853 728 9321
01HQBKYPY3405EZAEY4RHA629T,Keary,Exell,+44 515 231 2660
01HQBKYPY35VBQ7ADDFQBC2EQC,Guilbert,Kezor,+44 771 316 6820
01HQBKYPY4W401ZR6DQW2HCV2P,Dannye,Currington,+44 127 933 1914
01HQBKYPY40H6E4JRWPHN7AMXR,Gabrila,Blacket,+44 851 163 1244
01HQBKYPY4K1JTH1V1Q10TYAK6,Doralynne,Iacovozzo,+44 609 347 0746
01HQBKYPY561PBN944M1VFNBNH,Elyse,McSparran,+44 724 119 4542
01HQBKYPY6T5QFJDYWGXPE2HJK,Ermentrude,Saunper,+44 560 164 9880
01HQBKYPY7M8DQ1WVRE1WG5EM8,Anetta,Putt,+44 265 152 8814
01HQBKYPY7AQ781QVP40HN3SWM,Gunilla,Sabie,+44 477 430 1867
01HQBKYPY8WSDJNCX15VKQ2DQ8,Dael,Eberst,+44 175 124 9537
01HQBKYPY9V19T2K9SP93VBET8,Shellysheldon,Eburah,+44 438 783 7835
01HQBKYPYAZ1WMW7MH3C43RP85,Jonell,Scathard,+44 903 740 3808
01HQBKYPYBN66RSKDEGD2XNJTR,Teressa,Tubby,+44 571 304 4490
01HQBKYPYCT26NG8DHGA1S6F7A,Silvie,Lymbourne,+44 194 500 3138
01HQBKYPYDXZYMP17HF1429Z58,Alvera,Sprowson,+44 246 872 6392
01HQBKYPYEYHAZB3JWJ4C0Q6T0,Oswell,Pouton,+44 442 979 7970
01HQBKYPYEK19P278RM4RMS79X,Jason,MacLucais,+44 517 250 2804
01HQBKYPYEGR1382R3Z7TPQZAV,Edsel,Corby,+44 778 365 6675
01HQBKYPYFVTVTA5G51GJH5QZR,Alden,Ungaretti,+44 680 353 8386
01HQBKYPYF8CJ5JJJJ166YZ2JX,Brande,Albion,+44 521 672 7853
01HQBKYPYGNWW5J8WVC2PV3BAR,Hakeem,Surgood,+44 893 441 8655
01HQBKYPYGS1DGDMBWWFFD1GXT,Osgood,Heys,+44 372 568 4322
01HQBKYPYHTX80K5MEZ7HFPRVC,Nikolaus,Hillhouse,+44 950 528 9413
01HQBKYPYHNDVAAJW7CASKQQ4Z,Orran,Knoles,+44 354 762 3515
01HQBKYPYJ8WN56806QPHKZ5M0,Isaac,Affuso,+44 994 601 4895
01HQBKYPYJNPSTZ4ZFM340MK97,Hannie,Ledford,+44 540 258 5350
01HQBKYPYJ9SYEQ3ZGTYD8QXV7,Timotheus,Balthasar,+44 316 476 6901
01HQBKYPYK35Z4C9XMCS6HZW9D,Olva,Laugherane,+44 824 143 4484
01HQBKYPYKZB8CZ6A7WJGBGZDQ,Allard,Firbank,+44 777 206 7104
01HQBKYPYMTD936EC10P9K6NRK,Vevay,Croney,+44 288 704 2392
01HQBKYPYM0XYKRB9XF25754YV,Hubert,Beseke,+44 115 748 5424
01HQBKYPYN79R7RJX0GY9KK6YV,Otha,Jiggle,+44 153 366 8406
01HQBKYPYN96561YFKMFAMQRDA,Josepha,Spittle,+44 566 373 4451
01HQBKYPYPD6V5TEWCPQ3BXDZW,Allyn,Jiricka,+44 133 163 9460
01HQBKYPYP9NQH93V0NAZ5P6N2,Virginie,Rechert,+44 369 567 8732
01HQBKYPYQE1QXH59BVCCRGDDQ,Hadrian,Millan,+44 882 771 5435
01HQBKYPYQM7S228B0FZS83R0C,Meggy,Havoc,+44 587 545 0991
01HQBKYPYRG7A81TPK31Z8JF3N,Latashia,Rankcom,+44 262 850 4886
01HQBKYPYRDPWCC4VRW56ZRKD0,Susannah,Lindores,+44 538 678 4851
01HQBKYPYSBZBWCN4TB4TQGVHN,Rosa,Hurd,+44 848 510 9008
01HQBKYPYSC4C1FSQZCDP7HG7B,Addy,Buckam,+44 214 922 4124
01HQBKYPYTFANHZSM1CEEPKCFP,Orlan,Ordidge,+44 591 803 1019
01HQBKYPYTW29AETXDYB64TGD7,Fancie,Noden,+44 641 993 1628
01HQBKYPYTTCTJP9XHRRAQCHGQ,Ginni,Pettyfar,+44 847 400 2749
01HQBKYPYVF1DWWKQT2Q9KNW4X,Abby,Jonson,+44 549 809 8089
01HQBKYPYV79A2MCHYZ9T8RWCW,Bridget,Stubbeley,+44 459 649 1810
01HQBKYPYWZ649KTEAD70VEBXS,Giles,Santarelli,+44 330 803 4115
01HQBKYPYW8ZQ5GMSFBHDENPQT,Mehetabel,Lippini,+44 263 165 7051
01HQBKYPYW3MKBWJWWN9JYFJ0F,Moritz,Laraway,+44 108 640 3592
01HQBKYPYX1RJ2G6MQTR25XF6C,Delcine,Ryde,+44 971 176 2968
01HQBKYPYX2YPAX5Y95MXETW2F,Joline,Beauvais,+44 393 993 6291
01HQBKYPYYE3DSAQK8N0HW94XQ,Sherwood,Wrangle,+44 316 289 7309
01HQBKYPYYB3K0YAMQRYJXXWK2,Nan,Rain,+44 555 403 0558
01HQBKYPYZTHK6MXVWCVZ29933,Filbert,Burgis,+44 379 894 3787
01HQBKYPYZ87XCPEAX2F4Z09HC,Cheryl,Basson,+44 694 811 0316
01HQBKYPYZE9CT02HBFZVC5JR9,Penelopa,Husset,+44 808 208 5810
01HQBKYPZ0DKVDW8SNP673QSJK,Antoine,MacGinley,+44 936 831 3858
01HQBKYPZ0CMFXKAA5BDEY4XR1,Aguste,Scrancher,+44 871 718 1787
01HQBKYPZ1B2ENJHG1DHTCJP83,Isa,MacCorley,+44 455 710 7882
01HQBKYPZ13QQ7R0PMM04HRZ7E,Sylvester,Peltz,+44 998 467 4890
01HQBKYPZ2A8Z9ZNQ2S2KGEWMD,Belva,Petrolli,+44 497 238 1729
01HQBKYPZ2KBCKE3RND94CGVMC,Chrissy,Boyett,+44 816 578 8261
01HQBKYPZ30QMZ61WF7Y0R2FVP,Ginger,Mumford,+44 349 296 0035
01HQBKYPZ38R9J84D0D4PK8G6H,Britteny,Bartczak,+44 897 525 7669
01HQBKYPZ4HS1PGHZRPCBXWKP4,Ellsworth,Beevor,+44 594 806 9933
01HQBKYPZ5Z6A70H624A6SSB7D,Marybeth,Pasque,+44 838 223 6687
01HQBKYPZ55RRXHY6EW9B9N7XW,Alisa,Squibbs,+44 843 816 7446
01HQBKYPZ660M9EV5RSE11RTD8,Jillene,Ledgerton,+44 942 743 7753
01HQBKYPZ6EFKYP6CJVJMVCN4A,Demeter,Dust,+44 503 644 6490
01HQBKYPZ7NY1F82BTEZT742RK,Anastassia,Clausen-Thue,+44 845 849 4696
01HQBKYPZ7CRZ50XTHHGXPSHH6,Albertina,Standell,+44 838 959 0743
01HQBKYPZ88KDBF4WT8WGN3M31,Domenico,Skarin,+44 874 344 0922
01HQBKYPZ8KQ4598R4FXXZVNQ4,Fayre,Thorsen,+44 667 870 2154
01HQBKYPZ8KQQ2YRTXTYE1DPRE,Boniface,Goodridge,+44 533 602 9656
01HQBKYPZ9H925CBQQZG2Z0FXZ,Corene,Conwell,+44 460 427 5512
01HQBKYPZAPGFSGZC7KXCPHQV8,Cindi,Chowne,+44 440 199 9574
01HQBKYPZA5FFJVTD467R1PRJ7,Shannen,Girard,+44 285 356 7117
01HQBKYPZBYAEZ8CHQ0Z47ZE79,Armin,Gommes,+44 301 404 7742
01HQBKYPZB2X8R5XZ6YGYHR8BF,Juliane,Butrimovich,+44 482 240 7541
01HQBKYPZCB9CF0K1W9XNYHFMM,Ermengarde,Brazener,+44 678 360 1356
01HQBKYPZCKP5S2JEXTSVC09MD,Jude,Whorlow,+44 866 628 4452
01HQBKYPZDKMS1KPCE9K2VV9YN,Eleni,Traynor,+44 499 584 8893
01HQBKYPZD6KRYTKBYK90WZT42,Wayland,Kitcatt,+44 127 875 1941
01HQBKYPZESBPSZ3VNAKVS5FD2,Leo,Kesey,+44 798 149 8783
01HQBKYPZE85KQRXA1Q32W1SW7,Halsey,Pocke,+44 420 634 6877
01HQBKYPZFPDCTWQ4TEGSK16AP,Judie,Duffan,+44 993 647 8849
01HQBKYPZF8FNVVPKR5BM9XY82,Andi,Kalinke,+44 272 917 5266
01HQBKYPZGWWCFZGRNACF2W6B8,Basil,Rump,+44 210 936 3686
01HQBKYPZGY8P6VG19CENQB2X0,Danica,Lavrinov,+44 954 270 3565
01HQBKYPZGPHDN29SRGVDF9K6T,Averell,Pickford,+44 610 728 7055
01HQBKYPZHGZSMSG9E0YS04TD3,Arliene,Donnan,+44 707 870 6085
01HQBKYPZHYVYJJ2T8BPCWV3WX,Priscilla,Beecraft,+44 826 513 2321
01HQBKYPZJWGDMT36EPRE8MHJQ,Lamont,Steet,+44 118 227 9545
01HQBKYPZJTA2WSY07G9442KK5,Merrill,Denys,+44 534 807 3911
01HQBKYPZKF4QVCM2R6MP5T5FV,Dene,Load,+44 926 974 2697
01HQBKYPZMW1HCBQKJVTBR2F04,Rae,Jamme,+44 297 558 4968
01HQBKYPZNRS2Y2KHMTP49WPAS,Sibeal,Houlworth,+44 696 484 1198
01HQBKYPZPQ72FBNAYSW8A9GAP,Griswold,Stannus,+44 929 786 4921
01HQBKYPZQGPACNYVXPRT9G750,Mordecai,Cossey,+44 716 237 8925
01HQBKYPZRBA0R8AYAMETS5G72,Marissa,Hovington,+44 958 485 8442
01HQBKYPZSJPAM6HJMGMR9BMZ3,Elia,Andersch,+44 749 824 8296
01HQBKYPZTXJ7XQJ2AQM9SAF7N,Othilia,Jochanany,+44 512 686 8203
01HQBKYPZT6FF05WYD7NY3ZGTS,Elvin,Glasscoo,+44 139 169 6556
01HQBKYPZTYA2NE4RFTVTXPQMP,Evelyn,Cockell,+44 203 456 9665
01HQBKYPZVRZ135MWR30VF01J4,Simona,Marsland,+44 914 559 0430
01HQBKYPZVDWEH5CR5N9XQQA5T,Tobin,Murdie,+44 906 241 2811
01HQBKYPZW4EYCB7JVCV95H4NJ,Birk,Leggitt,+44 979 441 4424
01HQBKYPZW0XST75ERJSZG7S6T,Gabriela,Ciciura,+44 248 783 0459
01HQBKYPZWFBQ8RHJ01R0Q7WDQ,Myrta,Daid,+44 135 378 7468
01HQBKYPZX31JNTTVT2KTJAQ5F,Caz,Passo,+44 148 561 2025
01HQBKYPZX7NX8GGYN4CE5Y6A0,Hilary,Breadmore,+44 976 269 9432
01HQBKYPZY4PA9RK972E5KSFY9,Shannah,Goney,+44 423 754 7875
01HQBKYPZY1MDTTR96PM22SAQW,Tamara,Ellerby,+44 852 701 4032
01HQBKYPZZ62HBJYWKJA87ZWS1,Nathan,Hellwing,+44 499 908 2186
01HQBKYPZZRE889Y2QB4WY8R14,Benetta,Poplee,+44 225 456 8796
01HQBKYPZZ21YWS91N9DYPASX2,Chauncey,Bussen,+44 448 517 8930
01HQBKYQ00FCSDCDCMJZQH6FS4,Josh,Roycraft,+44 654 578 3573
01HQBKYQ00724FA7GPN1VGC4Y1,Donelle,Broscombe,+44 979 905 5851
01HQBKYQ01Y7FQB2GTEHYTJRFJ,Kirstin,Kubicki,+44 768 749 1202
01HQBKYQ0249EPB1EEC8DM2KR0,Ardis,Cosgrove,+44 553 106 6554
01HQBKYQ03582E2AN0ERES4RPT,Dulcea,Bunch,+44 678 299 4266
01HQBKYQ03HC9458HX37GJ75W1,Dorotea,Tournay,+44 140 663 2380
01HQBKYQ04GKKVQA6WRWSG4GGC,Othilie,Malinowski,+44 263 981 8428
01HQBKYQ048YC4CQ5YZJ31MG8A,Jehanna,Mattin,+44 641 814 5237
01HQBKYQ051CMK5NCB7R4VZGTV,Marlyn,Pitkethly,+44 826 476 0725
01HQBKYQ05MGTWTYQ618BZGJ57,Siegfried,Venny,+44 135 970 6091
01HQBKYQ05ETT7QGKW2XPN36J0,Jaimie,Kinavan,+44 702 935 8971
01HQBKYQ06V94WZ7NA5F3HPHJT,Roseann,Fittis,+44 951 236 1037
01HQBKYQ0666XZC32J2HYPHMQS,Winnie,Behrendsen,+44 823 125 9639
01HQBKYQ06SJ88MPC73DWXQ1FD,Chlo,MacRanald,+44 409 606 6393
01HQBKYQ07X4M8GZ29STD1FQ8N,Hunfredo,Jeens,+44 191 384 8832
01HQBKYQ094ZQF37Y9XXXBSSF5,Bryce,Ridler,+44 128 718 2847
01HQBKYQ0962Y3RTD6WATBX2C7,Jemima,Bleby,+44 381 676 4046
01HQBKYQ0AZ6MR7CFKX4HBVYXH,Jacques,Allsworth,+44 580 443 6384
01HQBKYQ0A3XGMYSFCKGS6PWJN,Gisele,Costain,+44 695 681 2926
01HQBKYQ0B419JPFDCZD5T2KXB,Lian,Simonin,+44 351 646 6945
01HQBKYQ0BSWSWEQGPZ6CZNFMS,Armand,Warlawe,+44 866 786 1275
01HQBKYQ0BJPS3Z2499BMPA0SC,Jeremias,Ruegg,+44 938 950 6063
01HQBKYQ0CADGB8TENY2E3T8HH,Brennen,Ashelford,+44 953 172 3416
01HQBKYQ0CYNSPDZDCVBSV1FFG,Stacee,Aliman,+44 119 336 7381
01HQBKYQ0DSCMNGF65812CZ3NH,Raina,Noddles,+44 468 568 7908
01HQBKYQ0DPF00P46SV3R3TP82,Leah,Columbell,+44 681 923 6832
01HQBKYQ0EA1S7VVR5B77Y4WEH,Theodor,Slayford,+44 202 133 6912
01HQBKYQ0FMP7H3A9RWXTK6KX6,Simona,Cookney,+44 905 250 3355
01HQBKYQ0GW148QMWY6CNS3KJR,Gretchen,Elverstone,+44 441 368 8269
01HQBKYQ0HT56WFWYR6ATTZ8ST,Nina,Parsisson,+44 926 724 1430
01HQBKYQ0J8WC81MT839FAHNP1,Walt,Fishbourne,+44 783 273 2659
01HQBKYQ0KP5DW0CQ8TMFVZ7HP,Muire,McGall,+44 376 960 0429
01HQBKYQ0M8AR7XC1RT21C0VQS,Kendre,Steckings,+44 775 109 7143
01HQBKYQ0MYYM685WKDTF7A98X,Glennie,Korb,+44 355 705 2575
01HQBKYQ0NA76VBBPWBYMWWF58,Kendricks,Dunwoody,+44 902 658 6646
01HQBKYQ0P5MBX5D32S8JJ271Z,Kori,MacAughtrie,+44 890 471 1105
01HQBKYQ0QVDA1KW9B2GF2S9QF,Edmund,Roloff,+44 699 884 3703
01HQBKYQ0Q31RPYFA9B6WHR98C,Tess,Sones,+44 648 320 2620
01HQBKYQ0RXHS6K2PP5F5RQ15W,Gertruda,Wilmot,+44 234 475 1127
01HQBKYQ0R2VPY4QX6EDJA4Q66,Heddi,Drewes,+44 696 789 9038
01HQBKYQ0RCBZ7S9W5BW455WXB,Sallyann,Phizackarley,+44 789 390 4599
01HQBKYQ0SH531ZR04H0EXZEDK,Liv,Dallicoat,+44 672 223 8483
01HQBKYQ0SJ241234RRS3QB8JF,Dorise,Lyman,+44 824 637 2534
01HQBKYQ0TNNYDGWQ25TFVF6YT,Gabrila,Brimley,+44 389 241 1930
01HQBKYQ0TEB8B5BPJ4QQ8KZ7V,Pru,Scocroft,+44 318 823 8508
01HQBKYQ0V0HYMZ5G3S412VDBH,Silvana,Sings,+44 783 748 4999
01HQBKYQ0V54VNRM5FFQCCT68P,Webster,Le Huquet,+44 338 293 8966
01HQBKYQ0V8BB017GMZFB5RJ26,Amalee,Currall,+44 783 354 9706
01HQBKYQ0WVATQH18JVGR07Q2P,Carey,Ribbens,+44 937 276 9525
01HQBKYQ0WTJ6NVYE93Z55E8AA,Anica,Barehead,+44 200 366 6170
01HQBKYQ0XPE3TR6XEQWPX39R9,Parsifal,Thornthwaite,+44 399 694 9525
01HQBKYQ0XRF8TSDY5FK1RQR1Q,Ernest,Bundey,+44 361 469 1739
01HQBKYQ0XXX8M0X6KG2G2T22D,Rosmunda,Dukesbury,+44 826 472 1332
01HQBKYQ0Y28PJ782K6RBCJKED,Philippine,Blackaller,+44 381 411 4310
01HQBKYQ0YPC79PEXG1JR4R7DD,Tracie,Duffell,+44 659 207 0999
01HQBKYQ0ZBKN2MZ413BBMFSNY,Carlynn,Midden,+44 711 132 1634
01HQBKYQ0ZYGQ9PD54RCFMN05C,Myrilla,Simonel,+44 282 148 1722
01HQBKYQ10Y3981E9R7HEBMFDF,Ashley,Lambdon,+44 251 998 7921
01HQBKYQ10MWW6TM38APSJT1K9,Harley,Stokoe,+44 894 891 6383
01HQBKYQ11V2RT18VQMJW7BDAN,Annette,Orford,+44 466 574 4079
01HQBKYQ11MREDZEBMQ9HRKX7X,Ario,Castiglio,+44 607 837 0201
01HQBKYQ12YH1T9H9B7FW13QKA,Danica,Fritchley,+44 774 552 3046
01HQBKYQ12WF4AHP8GC5G59VBV,Wileen,Lewnden,+44 305 536 0019
01HQBKYQ13J3HER07AJ9B4YE41,Lilli,De Goey,+44 889 622 6329
01HQBKYQ132STTPQHTXG0W1X8X,Clayton,Haygreen,+44 631 142 7737
01HQBKYQ142GAVJ6XXSGGZ3APW,Aggy,Crotty,+44 192 845 6903
01HQBKYQ14EENFQ7MAWV7BK7BM,Issy,Northridge,+44 937 341 1994
01HQBKYQ1413PCQWWSD1QC73D4,Vincent,Totman,+44 731 466 9744
01HQBKYQ15VM1ZAV9MEJS7Z0W3,Maible,Zylberdik,+44 127 866 3898
01HQBKYQ16N9NTCJR3ZV8E2K2M,Jo ann,Carnihan,+44 849 380 9581
01HQBKYQ16VHERP3J7VFQ6R3KT,Sly,Rampley,+44 464 398 1303
01HQBKYQ17H7YGBKG6CNCJNVAZ,Corri,Stebbings,+44 945 663 5481
01HQBKYQ17QQ5V9KB9TGR27PT8,Worden,Wilsdon,+44 523 145 9598
01HQBKYQ18QY9RESXZ9628F3ZP,Pernell,Perry,+44 478 274 5510
01HQBKYQ187TGJ6QTERRSYKTV8,Munmro,McAnulty,+44 564 385 7501
01HQBKYQ19R3DEYSY8F0580ZHE,Ursala,Nagle,+44 717 173 9996
01HQBKYQ1A22WCW1GRSKD1WWK8,Audrye,Brennan,+44 494 387 1170
01HQBKYQ1BABXATZ4QNACVSBC1,Dietrich,Hischke,+44 898 207 1195
01HQBKYQ1BPDCMZRZQQ38FJKJP,Merrie,McClymond,+44 822 155 2308
01HQBKYQ1BHBCBX62RR419YGEK,Catlee,Goddard,+44 286 750 7272
01HQBKYQ1C3ZZ17NA8TQQWK1MP,Dita,Conrard,+44 819 150 2389
01HQBKYQ1CBA376PH4GTXP8APA,Sada,Berrington,+44 407 607 1633
01HQBKYQ1E531XB1SAG0FT92Q7,Cheslie,Surman,+44 297 240 9133
01HQBKYQ1EMDQKGM1YNQCKSWK0,Sheree,Crellim,+44 309 983 1503
01HQBKYQ1FVJ8NBVZ7VRG1XKRB,Pablo,Trayhorn,+44 387 281 5119
01HQBKYQ1FXC7ZS3CTG4HPEEPM,Misha,Midden,+44 380 534 2399
01HQBKYQ1GEAYSK3HKK81835ND,Oliviero,Broadfoot,+44 402 233 9115
01HQBKYQ22PBKMB50J9DRD046C,Lem,Powley,+44 511 790 7209
01HQBKYQ22QNMQZM90R9HCA71X,Ricki,Thouless,+44 509 482 2278
01HQBKYQ23C2H4CZ1B3NDZ8R55,Ursulina,Zammett,+44 685 276 6234
01HQBKYQ23D7QPXKG04545BB50,Gerrard,Corry,+44 577 132 3275
01HQBKYQ24DY1132VPSS8SXZ33,Chauncey,Fearneley,+44 543 793 6306
01HQBKYQ2438ZMWEGF5C924PT0,Nickolas,Stainbridge,+44 357 404 9030
01HQBKYQ24K6EP1Z8ABBCZHPV6,Elia,Tollfree,+44 336 987 6050
01HQBKYQ252MKEBCKBRD8VVY1H,Tanny,Gierhard,+44 457 399 0787
01HQBKYQ25S2FFVWHGGWHBZPEG,Tyrone,O'Hagerty,+44 110 135 6694
01HQBKYQ260Y6TYDK9DDS614D9,Samuele,Bubb,+44 903 118 5682
01HQBKYQ26TEJ806K6PKFMN3VZ,Kathe,Hewson,+44 714 192 5327
01HQBKYQ272F2PNAS0T4FY2DY1,Christoffer,Gore,+44 170 748 8578
01HQBKYQ28B54NDKAEH12TPQEG,Betteann,Bayfield,+44 146 293 1940
01HQBKYQ28GVHKDXC4W6Y6C2FR,Tori,Train,+44 921 780 4770
01HQBKYQ28J6KF0WV3GT3TY96Q,Jan,Fatscher,+44 722 686 7503
01HQBKYQ29FFPHXQCN8B4E5HWH,Ophelie,Flay,+44 873 557 1098
01HQBKYQ2A3W56X38YD0JQ9FF8,Barnie,Lyfe,+44 864 655 2144
01HQBKYQ2BYW8JR4WSZ4R1FZPC,Elizabeth,O'Monahan,+44 655 770 2360
01HQBKYQ2BJ4850DSZQE1D5Y4J,Kipp,Simonot,+44 212 345 5236
01HQBKYQ2CAG94WZN8480FSVRW,Hailee,Fuente,+44 767 953 9039
01HQBKYQ2CQT5QGPEN44KBYJXR,Cymbre,Deppen,+44 179 424 2818
01HQBKYQ2DES88S4D2ZNRFBEEV,Mollie,Truran,+44 466 165 8390
01HQBKYQ2D5R7XRZC9J08XX1CK,Bat,Kondratyuk,+44 799 163 3976
01HQBKYQ2E3D230A5A26C3NWTJ,Corene,Gulleford,+44 857 343 3308
01HQBKYQ2F00A4B0QTND8R93N8,Latashia,MacGiffin,+44 820 128 0776
01HQBKYQ2FK0YNC83FNR1HMWPZ,Hurley,Shevlane,+44 486 323 2362
01HQBKYQ2GPTC9H3ZMQFKRMV50,Gianni,Balazs,+44 461 261 1283
01HQBKYQ2GBPWY9J0Y0361X2B2,Annabell,Jurkiewicz,+44 242 242 0522
01HQBKYQ2G2M674Y4YASTDHY0F,Timmie,Goddard,+44 187 289 9141
01HQBKYQ2HF9F8608861RZ4QR7,Tarra,Mehmet,+44 659 248 1107
01HQBKYQ2H5753SRFHX7W0WGY9,Mavis,Cosins,+44 307 892 3204
01HQBKYQ2J5MN47GVPRMJQ2KRF,Silvano,Glowinski,+44 729 694 8773
01HQBKYQ2JHD9HD8VX9TW116Y4,Northrop,Bompass,+44 841 852 5363
01HQBKYQ2KSVZ9H9RFSTYQHVWH,Edsel,Fetter,+44 571 182 0263
01HQBKYQ2ME60XDKHCV6AT7FSM,Woodman,Glowach,+44 960 286 5668
01HQBKYQ2MR7PWX33KJ8DTPBY1,Serge,Stafford,+44 465 666 0436
01HQBKYQ2M3PNQ9JA2ER8MJ638,Arni,Overstreet,+44 651 221 2234
01HQBKYQ2NP6B1HSHV1ZX4JZGR,Torrence,D'Enrico,+44 304 340 3811
01HQBKYQ2NN8DZPYCJJ8VQG5XG,Zebadiah,Whate,+44 255 681 7603
01HQBKYQ2P1ZJ89DWGA3XVH6BB,Gretta,Astlatt,+44 323 862 4885
01HQBKYQ2PEZ2V3MRMQRN8GY8P,Merrie,Straffon,+44 830 829 3084
01HQBKYQ2Q287ZWGTDCF8CYJKS,Jessie,Hodgins,+44 720 683 7270
01HQBKYQ2QCHPHP6E228ESVM5X,Pammie,Fortun,+44 668 347 3403
01HQBKYQ2RZE049WMERF6PK24J,Lind,Portriss,+44 940 967 1178
01HQBKYQ2RAG5TQAE7S9WCPP0R,Katrine,Heathfield,+44 986 119 6165
01HQBKYQ2R3YKHHZA6KMCR560A,Jemmy,Potier,+44 730 748 4885
01HQBKYQ2S5QVK7RZ4SAZDD6PP,Ingamar,Sleightholm,+44 109 948 4176
01HQBKYQ2SAMZMKQTC7XEAJSPN,Sargent,Kimblen,+44 193 973 2180
01HQBKYQ2T8SFJA52PRWAMN27C,Laney,Fedynski,+44 645 224 0280
01HQBKYQ2TS7Q6W05C0QHKSGK2,Hallsy,Thurber,+44 271 241 3027
01HQBKYQ2VT5XCJFPH8R9R3XWT,Lydia,Brunton,+44 379 326 8400
01HQBKYQ2VAT9JW9V4QBTK8FYJ,Stevena,Sibbons,+44 157 560 9279
01HQBKYQ2VWQN8B1BEBKXZP8N0,Stacee,Faldoe,+44 736 671 1141
01HQBKYQ2W9P18FJ6A177NK1TR,Warren,Klejin,+44 546 258 1601
01HQBKYQ2WQPVCMKG1NEY2W7DC,Harald,Ferreira,+44 758 597 3768
01HQBKYQ2XBCR0TADXH7Z6P2V1,Billye,Kyte,+44 575 872 7270
01HQBKYQ2XF8HJT59DKA7KT08Y,Nobie,Orsman,+44 412 963 0303
01HQBKYQ2Y2CV3JBNSVNYV30HA,Ashlie,Platts,+44 735 408 3833
01HQBKYQ2Z9V0BNBQKZA9RB0GG,Enrica,Domek,+44 666 885 7723
01HQBKYQ2ZAEVAXYAEC20R9CR9,Guenevere,Tythacott,+44 794 908 6240
01HQBKYQ2ZBT2AAV65S3736ENP,Beverlie,Corkan,+44 450 412 1651
01HQBKYQ30Z46788M3HT9KPCTD,Brennan,Goodlake,+44 885 794 2773
01HQBKYQ30B39WY6DE7S8ECNDR,Leigh,McLukie,+44 882 494 1384
01HQBKYQ313P547EGM66H6XVXG,Burl,Grigoletti,+44 254 583 8618
01HQBKYQ311GY40VZ5HWF3FBCX,Joella,Dowtry,+44 482 813 4544
01HQBKYQ32Z47PC3K0V2WF71AB,Terrell,Whyborn,+44 106 491 3478
01HQBKYQ32YQF6NTSA2VVM4BKF,Guido,De Brett,+44 680 882 2453
01HQBKYQ33YBEBXV4JAD8MWPQY,Karee,Annes,+44 216 274 7626
01HQBKYQ330RNDWNSPK1XWM5GZ,Symon,Karlsson,+44 642 161 9298
01HQBKYQ346Q3PSJ5TNXNNXE8Z,Naomi,Pech,+44 481 920 4400
01HQBKYQ34KWHTJM5Z5V9QEVKG,Goldie,Rumming,+44 641 865 8495
01HQBKYQ35ZRK4P27BTBQXZY7P,Xaviera,Newport,+44 921 547 3054
01HQBKYQ3597TJJHAY5MH2WMCB,Rolph,Colhoun,+44 482 796 4039
01HQBKYQ35SHCXG34NPHHQQNFV,Dolph,Chopy,+44 560 174 0480
01HQBKYQ3637QPNA1VGG9SMY13,Royal,McKleod,+44 978 861 2049
01HQBKYQ36G1A99420ZP1BQ5AE,Farah,Gorstidge,+44 633 792 1673
01HQBKYQ37JZT2V7M9YPDZ9NWF,Benton,Roughsedge,+44 311 613 8528
01HQBKYQ37C69Y7XFZXA7Y41ZF,Remy,Vannah,+44 374 133 3807
01HQBKYQ38VV5WZ6K7FEA7VANH,Miles,Bustin,+44 925 470 6712
01HQBKYQ38CC35MRCW2PJRZWAX,Curr,Pardi,+44 625 178 4923
01HQBKYQ38NDYM082BPGX3AR35,Corney,Makepeace,+44 898 288 6875
01HQBKYQ39W7R9G9AAMQPMBYSA,Rip,Brosius,+44 659 799 4610
01HQBKYQ39V71VH376TJEHSDJP,Jeffie,Tompkins,+44 846 273 9053
01HQBKYQ3AKM8XFQJXK7K6Y9J0,Hurley,Golston,+44 957 231 7163
01HQBKYQ3AH6783YZNG20VCG5G,Cara,Gwillim,+44 669 169 8021
01HQBKYQ3BXMZWDJRVXEW6QDNV,Pammy,Yanshonok,+44 777 427 4022
01HQBKYQ3CBVF62N7K0277YTW8,Hart,Kenyon,+44 359 223 4473
01HQBKYQ3CVV2CNAAW8A6EMY00,Carlos,Kayley,+44 663 380 2117
01HQBKYQ3D80AY7SM4EEYBNHRW,Dulcy,Mieville,+44 674 407 9514
01HQBKYQ3DYX2CV6HYRS5ZB1TA,Danell,Giovannardi,+44 814 303 2512
01HQBKYQ3EN0EN6JWT6FAJTAHB,Tandi,Moreland,+44 919 124 2986
01HQBKYQ3EM43YZTPH0D10KYZ3,Natassia,Spanton,+44 153 920 3524
01HQBKYQ3FDB09CT85W4MCEAMB,Winny,Jakeman,+44 146 228 1408
01HQBKYQ3FPSHYDNSV0SC2SY5W,Vincenty,Rue,+44 320 470 4897
01HQBKYQ3G38ZR57KSDFBSAJM9,Michaella,Tuckwell,+44 955 426 0479
01HQBKYQ3HWZ9GQC4TYE9NMFDD,Virgie,Chardin,+44 360 131 0027
01HQBKYQ3J6YM3X2WV78CSNQH8,Jemmie,Joska,+44 690 414 3085
01HQBKYQ3KTQB9SYPY06ZX1529,Conway,Stebles,+44 107 510 8065
01HQBKYQ3KDF4JVQK8XP4ST2JM,Leland,Rulf,+44 444 585 3648
01HQBKYQ3MEYH0CQB6HMSHJY39,Stuart,Snead,+44 840 679 7697
01HQBKYQ3NRQWHW9AM1PRZ565P,Massimo,Bownde,+44 536 105 5910
01HQBKYQ3NJ00W96NN1GMQ7E9S,Barney,Doumic,+44 685 610 6299
01HQBKYQ3PKHAKEBFR85BRYR9K,Letta,Caesar,+44 653 445 1712
01HQBKYQ3QWV9PMXGBPMCB99XG,Nathalie,Axelby,+44 627 994 8613
01HQBKYQ3QDHN40VST6Z5TEPAH,Allie,MacLeod,+44 882 920 8131
01HQBKYQ3QRSPG50BS5N4BKQKX,Ethelind,Janos,+44 720 547 2718
01HQBKYQ3R6RWRKXGQ96KYHVE8,Maddy,Buddles,+44 707 560 6653
01HQBKYQ3R6E62K7D43J62Y6NV,Ulrike,Sandham,+44 919 895 8311
01HQBKYQ3S47BW1DTR87SRBW65,Damita,Musson,+44 197 255 2612
01HQBKYQ3SFS5DA5B0XT79K1W5,Emilia,Letchmore,+44 540 561 4708
01HQBKYQ3TC4ACVPFDM6GA0EJB,Octavius,Strowan,+44 348 899 1637
01HQBKYQ3T7RKJN4EFSSEDQR6G,Lindie,Brownjohn,+44 695 529 5568
01HQBKYQ3VP75P79VATH1ZMV31,Linn,Andreolli,+44 495 542 5537
01HQBKYQ3VSNMN1C26JHFFM4N0,Oralle,Sokell,+44 928 838 6666
01HQBKYQ3WK9Z8A5MF33T5V3MS,Tyne,Grevile,+44 547 748 9234
01HQBKYQ3WC42M7KVEV7AVGTYG,Itch,Mayte,+44 908 671 7616
01HQBKYQ3X2KHTSKA644TCXN6V,Chancey,Cancellieri,+44 913 705 8178
01HQBKYQ3X4E6DCFZG04GYPW1K,Loydie,Tythe,+44 325 896 6639
01HQBKYQ3YTFPSZ7KH0BYYGJYG,Gerri,Rhule,+44 657 541 0774
01HQBKYQ3YNF6HVBK02H0B7NCX,Annalise,Emer,+44 168 409 9269
01HQBKYQ3Z3M3G7XVM160MF238,Rozele,Capin,+44 877 221 2480
01HQBKYQ3ZJCT714WXD25P036Q,Edd,Jorissen,+44 595 232 9723
01HQBKYQ3ZCZPMYZQ5VDFZ53XF,Pepillo,De Michele,+44 190 424 4879
01HQBKYQ401194HHJFDN482RYZ,Thalia,Flancinbaum,+44 442 856 8115
01HQBKYQ406XJSE165QK3FVB7Q,Evania,Manuello,+44 911 247 4472
01HQBKYQ41GXS3Q2N5K77W3RB8,Pen,Tschursch,+44 706 661 9397
01HQBKYQ416WH7D8SYTRW2KN92,Hayward,Bovingdon,+44 141 650 9930
01HQBKYQ41CNW2B5BDWFJERS3C,Britta,Whitsey,+44 541 823 7722
01HQBKYQ42R2R0EBBGW2WGDVFT,Filip,McAusland,+44 560 511 5523
01HQBKYQ42WSVD7B7Z08YFC5AC,Heath,Drew-Clifton,+44 231 938 3845
01HQBKYQ43QNE2AWM2QW5FBRM9,Selestina,Sprigings,+44 158 346 5842
01HQBKYQ438CFBNB20PYX20R22,Marcel,Woolley,+44 188 561 7373
01HQBKYQ4382D6E51NCS732AF4,Mellie,Thexton,+44 609 896 2149
01HQBKYQ44NGYNQ1Z0R5NWT8XZ,Evie,Van Leeuwen,+44 410 649 7701
01HQBKYQ44WN9TTD0NM91R2PDS,Maximilien,Buret,+44 996 294 1634
01HQBKYQ45B953WA9XAZ9C4NFW,Lemar,Barrows,+44 631 350 6231
01HQBKYQ45CA59P822YV6ZS17V,Faith,Kneesha,+44 306 337 1893
01HQBKYQ459W5681YHDX5ERT7B,Malcolm,Dalzell,+44 974 858 5211
01HQBKYQ46F7K4V2HQGFP5MFRE,Ellery,Ewenson,+44 141 949 8667
01HQBKYQ4621794KCT9MXYXJP7,Shaylynn,Pagin,+44 170 768 3594
01HQBKYQ47WJ7Y9R3SZZ53FJY1,Linet,Garratty,+44 301 684 3747
01HQBKYQ47S1N2RW41CC3YCTC8,Claretta,Spini,+44 787 387 9124
01HQBKYQ48Q3A9REEJ7TSX6SG4,Marinna,Diviney,+44 315 861 6704
01HQBKYQ4891C5ZQKETF56BFM8,Tomkin,Gauge,+44 217 946 5816
01HQBKYQ487Z6HQF4W7E59WF43,Malorie,Swetman,+44 389 610 1583
01HQBKYQ4967QA4T5940GT9V9J,Mahmud,Lovel,+44 901 106 0111
01HQBKYQ491P7E0AJM8Q6W4HNK,Alfons,Kilday,+44 272 355 8731
01HQBKYQ4AYKJCYDA8VBYAM73H,Lily,Cremen,+44 317 129 6629
01HQBKYQ4AP19XCDPJDJB789BS,Joshuah,Blinco,+44 554 362 5374
01HQBKYQ4BWSYGZATRWJ697D76,Hamid,Donnelly,+44 570 716 8420
01HQBKYQ4BA5C1RGGY1DMMF13M,Hillyer,Verey,+44 369 116 5259
01HQBKYQ4CXK4T7VM8R80FWM45,Noel,Beamiss,+44 934 476 8413
01HQBKYQ4DEHJJY8TD2N041HVJ,Dulcine,Malyj,+44 653 900 8888
01HQBKYQ4DVBJZ2PDEXSJPN3X8,Elsi,Ashburner,+44 297 137 8315
01HQBKYQ4EMZ2YA5WG78VPXJV9,Finley,de Guerre,+44 532 540 2836
01HQBKYQ4ETDQERH1ZZQ7SM2MD,Angelica,Siman,+44 573 204 2172
01HQBKYQ4EP5SD6S6Z0XJYD6Y0,Robyn,Mothersole,+44 309 757 4180
01HQBKYQ4FY6KVVKNSG52JFBXT,Alex,Windebank,+44 712 850 9884
01HQBKYQ4F9XSC58FH87QQ4NED,Lyndy,Martt,+44 196 122 3112
01HQBKYQ4GF7MMKKSD29ZC66M7,Zena,Mariette,+44 393 230 4167
01HQBKYQ4GNA5XKSXJZMWDR3QW,Shalom,Toffolini,+44 714 867 3217
01HQBKYQ4GAHWBS110R7WYPWEQ,Farrell,Killiner,+44 464 339 9224
01HQBKYQ4J7VBYXHZT4APH9F4M,Lauretta,Reeme,+44 947 459 6754
01HQBKYQ4JEQ0624ZTYS69XCC0,Torrey,Prinne,+44 486 495 6692
01HQBKYQ4KETB0J3XARDCFNCRG,Holli,Rousel,+44 440 593 3448
01HQBKYQ4K2RD7SR9RCNSZZ0XE,Kasey,Garthland,+44 382 969 7134
01HQBKYQ4MHDWY9T5J0HDS0BDK,Taddeo,Lewin,+44 142 742 2640
01HQBKYQ4M7FWG77B3Y8ZNYQ64,Ezmeralda,Wiskar,+44 901 236 6919
01HQBKYQ4NYS64F7YDENPXVH4A,Alice,Matchitt,+44 768 129 9136
01HQBKYQ4N4ZQV3BDZ73HQCD5F,Abdel,Cesaric,+44 680 954 4033
01HQBKYQ4PYBR55RSTDVNGSV0M,Udale,Cettell,+44 650 550 6835
01HQBKYQ4P5QZ9CDY3PPNHXKCV,Norris,Barks,+44 231 403 1399
01HQBKYQ4P3KHM4MQDVNZBSN7X,Parker,Sommerland,+44 668 977 1750
01HQBKYQ4QA1J8R0FZ6FVGVHGA,Ora,Crewe,+44 668 301 0198
01HQBKYQ4RWBY2P8E0RMB3HQBD,Megen,Hiscocks,+44 394 235 9645
01HQBKYQ4S5APCB35T2268AKE8,Rafi,Knevit,+44 880 868 5113
01HQBKYQ4SCA49DXSMTAFYH08P,Rodolph,Klementz,+44 785 849 2842
01HQBKYQ4TMYE823F8MP8VQNY4,Dannie,Robertazzi,+44 738 952 2213
01HQBKYQ4VC7Z300G5A0NDNYB0,Emera,Duigenan,+44 866 857 8436
01HQBKYQ538YZ1Z06HBKPTJRKE,Hyacinthe,Girone,+44 340 703 2157
01HQBKYQ54ZQJNZ1VPZH0XMJ34,Saxe,Bruty,+44 989 311 7567
01HQBKYQ541TRQ8C0ZWP1RK9N6,Finlay,Livesley,+44 256 500 8522
01HQBKYQ55JM73PR6B4SNAQXSJ,Sarene,Charke,+44 781 167 1700
01HQBKYQ56FX5YDTQ9NVNPFRW1,Clair,Mathelin,+44 705 708 5805
01HQBKYQ56XJKAY41VWHG1DWY7,Ernest,Hawley,+44 323 549 0487
01HQBKYQ57P48EEFNC3JQ6QJ4B,Kimberly,Laurentino,+44 226 609 9186
01HQBKYQ571Q68TH804H2MWE0A,Joscelin,Jealous,+44 834 499 1581
01HQBKYQ58G03CSA56YZH2JY2D,Izabel,Hartill,+44 624 127 0652
01HQBKYQ593ZDTHXYFRZ488BRK,Arda,Soro,+44 567 648 8692
01HQBKYQ59RDD8KQ453HAVKGK2,Vonnie,Davio,+44 284 743 2110
01HQBKYQ5A269MHHK2VRCD631Q,Edyth,Biswell,+44 930 664 8033
01HQBKYQ5BHFWHH0JKBBSSCYY7,Kelbee,Whistance,+44 701 228 5197
01HQBKYQ5CMEKRVMNQS86AB42T,Idelle,Bachman,+44 796 353 0028
01HQBKYQ5DW4VBXZAT3BQNTEWZ,Louie,Aspden,+44 372 373 2348
01HQBKYQ5E1R3DGNNTFBWBMC5G,Scott,Denziloe,+44 487 620 8849
01HQBKYQ5FQ64K80WHWX3Q86PS,Roanne,Bolles,+44 161 602 0944
01HQBKYQ5GQ58X29N0X4K8GD26,Dorelle,Bradane,+44 285 558 7958
01HQBKYQ5H0F94MH84KPK984FR,Rudy,Carayol,+44 210 629 1223
01HQBKYQ5KBB78KFDQ4038VMQ5,Tedra,Terese,+44 434 573 1828
01HQBKYQ5M6QD28EVY4MZ0AF1V,Jodi,McDuffie,+44 683 241 4941
01HQBKYQ5NX7JSAE5QHMY31JDB,Kakalina,Shawyers,+44 843 415 8010
01HQBKYQ5P4X2MZE5WJMFJ6Y1V,Rogerio,Pavinese,+44 757 217 2428
01HQBKYQ5QMSFHRAWFWB5FJGDV,Ephrayim,Domenget,+44 285 276 1027
01HQBKYQ5RM8BD5RM44HQAWENT,Mirelle,Reveley,+44 880 106 2751
01HQBKYQ5R4ZB22Z0K4P7E8BDE,Elberta,Nelligan,+44 760 940 9015
01HQBKYQ5SBCFNR1YH7HESHGXP,Dorolisa,Hartus,+44 160 736 3618
01HQBKYQ5SDN9ZRBG8QW2KW6AW,Alfy,McHugh,+44 294 769 9361
01HQBKYQ5TZ49MGMW977X33AFR,Aldridge,Garstan,+44 828 806 3138
01HQBKYQ5W1EHX0CDZDGT5AVT9,Patrica,Druce,+44 586 903 5475
01HQBKYQ5WB3A08C9VY6751PJ1,Devora,Choules,+44 187 141 0817
01HQBKYQ5XA6FTQ0RCZHE0R313,Clemmie,Longforth,+44 754 920 9345
01HQBKYQ5XWDSSFXF2VJNW4E2S,Vernon,MacCafferty,+44 590 419 0183
01HQBKYQ5Y5YB00PVWKGYV1WE6,Jenilee,Brumfitt,+44 370 409 7610
01HQBKYQ5YRRGV10AZH4GHED8Z,Athena,Lampkin,+44 435 658 2033
01HQBKYQ5Z3GD49TTVQ3RYR175,Audre,Spargo,+44 266 378 8483
01HQBKYQ60E0THECPZBHFTZD2F,Arabella,Crimin,+44 102 392 1066
01HQBKYQ60P6HPB4EQXV35EX8H,Pierson,Lamdin,+44 709 301 2441
01HQBKYQ613526DP0XSV7YCP1K,Fransisco,Rediers,+44 209 730 0043
01HQBKYQ61ZYTYY7YMHSGGQN03,Brigid,Bunten,+44 189 640 0912
01HQBKYQ63S1AFRCFB0P6KNDGZ,Dex,Biss,+44 136 284 8837
01HQBKYQ6470NTQSFW7R9SFNGG,Boigie,Lapley,+44 800 128 8882
01HQBKYQ65FYB5XDK1ARE2J0YB,Giustino,Poetz,+44 595 109 3781
01HQBKYQ66YZCE401VQVQQ935H,Archibaldo,Pickerell,+44 751 296 3181
01HQBKYQ664P18Z50K6S3YNYS1,Melamie,Edmunds,+44 119 354 6108
01HQBKYQ67M47WWF4H5YA89S02,Armando,Gilbank,+44 676 492 7752
01HQBKYQ67JWW4ZZ64BGZC0P4C,Starlene,Wasielewicz,+44 688 480 9745
01HQBKYQ6881A78QYPPASAFAC7,Tommy,Hutcheon,+44 566 201 2455
01HQBKYQ68BYVAQ4DG32SRN4RZ,Rowe,Debnam,+44 686 982 0799
01HQBKYQ69R7BAAR7TSJRCXE4W,Etty,Normand,+44 889 413 3069
01HQBKYQ69N6SKPSGC1ME4PQZ1,Margaretta,Brecknell,+44 391 780 2576
01HQBKYQ6A79CXTXF1FJG820VD,Redd,Brattan,+44 776 220 2212
01HQBKYQ6AH6JAHZ6FQGQD1T29,Drona,Roggeman,+44 300 707 2322
01HQBKYQ6BWGTH7FFGHGNC8PAK,Kora,Billes,+44 336 885 1912
01HQBKYQ6CS7G9Q5ZH7ZDESKKZ,Aristotle,Massingham,+44 979 461 0988
01HQBKYQ6EPB14QN8TQZP5N8NT,Klement,Beynon,+44 783 460 0072
01HQBKYQ6FJF0K1JK5Q1E7Y8GB,Jesse,Crummay,+44 153 626 9092
01HQBKYQ6G7YZSKHBS183PQQ0Y,Micky,Romero,+44 264 454 7001
01HQBKYQ6HXF2766F5ZX5M5D0R,Guillemette,Martindale,+44 667 496 7627
01HQBKYQ6JRJSVS42BY78CMEH0,Jania,Gerrit,+44 486 309 2244
01HQBKYQ6KWBZ10TWZNM8DSS59,Marcia,Husselbee,+44 581 486 4146
01HQBKYQ6MDZQXQ7DGV0MZ1XF1,Evyn,Sewley,+44 702 363 0616
01HQBKYQ6NBH2SHXH30BR6T6XS,Clara,Puvia,+44 457 466 2596
01HQBKYQ6PGM5QV3E9B5FE88A7,Leigha,Crutchley,+44 204 396 1165
01HQBKYQ6PVP6G78663AY1V7BM,Regan,Agott,+44 435 526 6821
01HQBKYQ6QQY6N82AZZS6WPX2G,Abdul,Valeri,+44 190 685 4968
01HQBKYQ6QCVC8JVEG3SDTSJKR,Isidore,Harker,+44 458 345 5152
01HQBKYQ6R09H5CH3CBZJDEJ6S,Cindelyn,Pawelek,+44 418 397 2615
01HQBKYQ6RA2M273Z82G8C79DR,Tracy,Harflete,+44 804 644 2418
01HQBKYQ6S1Q5AFJZM6X2BEV82,Della,Stonman,+44 107 116 3753
01HQBKYQ6SM99X1C1KRE5TZ3YQ,Sib,Vardy,+44 365 747 6203
01HQBKYQ6TE63BJMYC7KY7NBG8,Shir,Mulkerrins,+44 935 193 0357
01HQBKYQ6TZSXB06N79QNA2VAV,Archie,Blaik,+44 251 187 4931
01HQBKYQ6TGXRGX1SF4AF6B6JE,Vassili,MacNess,+44 146 543 5699
01HQBKYQ6VX960ZVY9P3EGXF5P,Flory,Gounel,+44 480 771 7964
01HQBKYQ6VZ61FNYRB4XDEZ1A2,Wilmette,Di Pietro,+44 369 829 7586
01HQBKYQ6WC4WZ1M354KKFMPRR,Urbanus,O'Keenan,+44 400 983 9814
01HQBKYQ6WPDJYM6DVDM5XGKDP,Marlena,Joscelyne,+44 459 810 1184
01HQBKYQ6XJZ9C9PAJA1Z42X7Q,Ebba,Brussell,+44 791 144 8460
01HQBKYQ6YMSDNTJ4RXZ6D6X7W,Robenia,Penwright,+44 737 795 4441
01HQBKYQ6Z6E1NPXMNPVWM2668,Colly,Webben,+44 356 166 6101
01HQBKYQ6ZWKNH5T5VMGESYPW2,Harriett,Thomasset,+44 159 439 6467
01HQBKYQ70XW5Y0G0EPVV1DMSM,Alys,Fasler,+44 336 469 8703
01HQBKYQ70QRA6D31W382MKHM2,Danika,Orrett,+44 863 955 2578
01HQBKYQ718ZAR68YF8SE8GMA6,Maisie,Saxton,+44 628 988 9941
01HQBKYQ714YFQX0QGWZ9X104Z,Pavlov,Sommersett,+44 670 404 8620
01HQBKYQ723063CF0DEFXXDJEX,Tiphanie,Stuffins,+44 384 813 5800
01HQBKYQ726X7W2XW3MY22XV1S,Nana,Josephs,+44 478 491 2712
01HQBKYQ724SYAXJ3RSQS60JT8,Clarisse,Basnett,+44 522 437 0704
01HQBKYQ73MNME81HPT32PQDAF,Micky,Griffith,+44 120 954 6886
01HQBKYQ73NREDGE52T4QXFV1G,Lorita,Swigg,+44 197 173 8302
01HQBKYQ74C35V0WFF5ES6YVDZ,Stacie,Garmans,+44 361 489 1234
01HQBKYQ744MWD2G6B08NG6NXM,Dael,Buxsy,+44 822 456 7506
01HQBKYQ75VT6J6ST54RWJ7VVN,Klarika,Halbord,+44 506 528 5761
01HQBKYQ75AC76R4ZEM40FW7VP,Astrid,Gregg,+44 242 191 8962
01HQBKYQ76BYX5DG4ZQ7VHFS7M,Sharai,Eves,+44 749 495 9847
01HQBKYQ767X2WSC44TH3Y3HV1,Mariska,Stiant,+44 862 897 5195
01HQBKYQ777GR648E47BSM8EME,Halsey,Laffan,+44 832 436 3311
01HQBKYQ774RA45R9VNHF5KKMV,Odo,Santhouse,+44 772 431 8087
01HQBKYQ78QFRVEMQZQZHPRZNY,Melisande,Maude,+44 851 493 2308
01HQBKYQ78ZKJKTANNDD9PERQY,Torrey,Cocks,+44 190 808 3542
01HQBKYQ79424FARKXKCG0990D,Zoe,Attwood,+44 666 114 6996
01HQBKYQ799WZYGBAY710BA5AF,Lucho,Rhyme,+44 563 362 9680
01HQBKYQ7A7C77GFQRXEME5NJB,Gabi,Londer,+44 641 351 1153
01HQBKYQ7A4Q7A9YSA29PGMZJ7,Nolana,Corpes,+44 292 513 9199
01HQBKYQ7B81JG876BSCCP4CJK,Adelheid,Walbrook,+44 336 266 0724
01HQBKYQ7BV5CN3XD0TQ1VZ1FK,Fionnula,Dahle,+44 195 774 6195
01HQBKYQ7C8FD0S33QGC2FT4ZS,Say,Weatherburn,+44 139 967 1727
01HQBKYQ7C3MD9ZMVHCHGY2J97,Theodosia,Trumpeter,+44 217 856 7964
01HQBKYQ7D94FBKPWP4N0C32SH,Syd,Getch,+44 919 234 4427
01HQBKYQ7DH9QXKATVQM61E0WC,Suellen,Selland,+44 121 779 3178
01HQBKYQ7ESJMGZKPK0RWV6GAS,Vite,Alvis,+44 381 346 8698
01HQBKYQ7E2THFB4EFG7HPFC5E,Dalt,Samms,+44 988 299 1468
01HQBKYQ7FQJYGNXTN3RFWDN22,Karlee,Botha,+44 814 781 1770
01HQBKYQ7FHBE475BEYJY2HG16,Leta,Maryet,+44 654 266 2907
01HQBKYQ7GHFMDSMA0EJV06A9Q,Merrill,Parncutt,+44 476 329 1497
01HQBKYQ7GR80H6Y5C75T06BGV,Borg,Larmuth,+44 545 671 2325
01HQBKYQ7HBWBY9CPYGK581GYF,La verne,Lynas,+44 257 124 2357
01HQBKYQ7HX3CJMWCNFSPE3041,Letisha,Elderidge,+44 993 819 5824
01HQBKYQ7H1WBMZ63N0BHA8GGP,Dacy,Hemstead,+44 557 991 0990
01HQBKYQ7JS512B1GW1779D927,Marina,Deeney,+44 612 383 3583
01HQBKYQ7JBP7AF63H82VKWKWZ,Sally,Westbury,+44 800 136 3451
01HQBKYQ7KWA11RVYHYZSKTKDH,Tobin,Hance,+44 627 182 9269
01HQBKYQ7KRX87YCFHGABNVJM2,Ninette,Addams,+44 278 306 2287
01HQBKYQ7MZH2NA9EZPM1KA3YW,Maureene,Chessil,+44 576 916 0446
01HQBKYQ7M9H0DCPXXEG0Z9NP6,Lucila,Basili,+44 200 496 8012
01HQBKYQ7NJ824S95AJS0Q59ED,Hermione,Woodford,+44 703 780 4606
01HQBKYQ7NA0M3R6X58AFVBRHS,Kelci,Chessil,+44 730 443 9802
01HQBKYQ7PQEFTEJ43KR9MBXMJ,Hetty,Szimon,+44 979 993 8299
01HQBKYQ7PJV0YW0K6FS6J0QMA,Son,Golds,+44 769 425 0881
01HQBKYQ7QZZQ0WNVXS9H5PZQS,Felita,Sibthorp,+44 803 101 7089
01HQBKYQ7QD2DM70K2R7CRC9ZC,Jilly,Lefeuvre,+44 451 182 6093
01HQBKYQ7R068HYNP0RY37NRPG,Avery,Pollicott,+44 225 519 1540
01HQBKYQ7RZNBJ7W3Y8JN5XJ9M,Waldon,MacRitchie,+44 135 962 8140
01HQBKYQ7STCJVMH9KQE0NK1JT,Godart,Seiller,+44 660 450 5284
01HQBKYQ7SH99DYCJH20Y8MC6P,Andie,Muzzillo,+44 110 440 2870
01HQBKYQ7SXH734AY5NJ2DS09F,Fiorenze,Lealle,+44 409 724 7369
01HQBKYQ7T2PN10VAHWP7H3T3C,Brook,McGuiness,+44 786 297 1175
01HQBKYQ7TVB1VWKM0R01Y4VW3,Kendell,Sheach,+44 788 689 7869
01HQBKYQ7V572Q2NSEXFTXNYC5,Krishnah,McIlheran,+44 275 866 0404
01HQBKYQ7W51TQ82NNZJ5B0HQ9,Luelle,Reboul,+44 756 629 5635
01HQBKYQ7W5K67MNSH6JGK71E1,Noell,Harse,+44 667 768 2634
01HQBKYQ7X00J3VD27K6N83C0W,Darbie,Girardin,+44 997 592 9343
01HQBKYQ7YC8RJXDWZ853RNK6V,Ruthann,Barthrup,+44 238 341 4327
01HQBKYQ7ZZ6YSJTX0VWAFS20J,Anneliese,Sheekey,+44 402 701 4547
01HQBKYQ7Z8Y8VK11C5GKV8AKS,Twila,Merrick,+44 462 132 1875
01HQBKYQ80XPJ5RB80677EV9Y8,Gae,Raynard,+44 316 889 5641
01HQBKYQ80V6YY1PTZK8ETF01T,Sonja,Hambric,+44 870 688 7851
01HQBKYQ8125GJ597VQWRVBN1Y,Jodee,McCreery,+44 170 434 3443
01HQBKYQ8182ZAE6K3JD6DW2P4,Irving,Moseley,+44 962 639 1258
01HQBKYQ828RPKMRE0CAEA3SVK,Velma,Probey,+44 537 420 1754
01HQBKYQ8240QPK4WC02DHV86N,Liva,Bartolomieu,+44 640 540 2000
01HQBKYQ83KJ21VJQPK3HNCZG6,Farrell,Horbart,+44 716 816 7360
01HQBKYQ830GGQHGM05M0YZXNN,Julienne,Gateman,+44 336 780 5748
01HQBKYQ84MKAPKF58RP5FBH3B,Dawna,Halpen,+44 563 781 7321
01HQBKYQ84KEPTH9P168Z8VPZ5,Allister,Emmet,+44 443 355 6346
01HQBKYQ85Z5VNMKCX3M5F76QS,Elfrida,Djorvic,+44 305 643 0626
01HQBKYQ85DRK98K021C72P48G,Mayne,Gipp,+44 762 371 1842
01HQBKYQ86DWMSBX18XB07K9AF,Elberta,Saville,+44 409 230 1433
01HQBKYQ86M4NNX4TMT8FZD4DS,Shell,Scamadine,+44 176 466 3093
01HQBKYQ87QWJ774B74QRH79JV,Quintana,Ranscome,+44 185 138 0613
01HQBKYQ87J0WV8PWJYWAA8K0S,Fergus,Devons,+44 312 741 1666
01HQBKYQ8827X8KS8QBKAKVSMD,Bearnard,Batchellor,+44 915 707 3388
01HQBKYQ88YA0GNGPQF7CWNZGR,Troy,Igounet,+44 941 503 0225
01HQBKYQ897RESQJ6N1CAWPSGC,Alana,Jimpson,+44 452 671 2766
01HQBKYQ89TBSBVD4YDMCQYG1H,Judas,Spens,+44 222 287 3930
01HQBKYQ8AHBA6TB8PKKHJFSSG,Earl,Fernao,+44 691 500 6648
01HQBKYQ8AV8CJ71CQD50CQYY0,Orelee,Blais,+44 816 151 3006
01HQBKYQ8B8RVNSJ0KY4GT9K62,Audre,Sponder,+44 394 913 2313
01HQBKYQ8BA496ST11BGJ27NWN,Candy,Prugel,+44 855 169 8210
01HQBKYQ8CNPEW8EWE0564BPVN,Eamon,Yemm,+44 313 886 7602
01HQBKYQ8C63BXF16JM92ZHQQ5,Hartwell,Trippick,+44 468 580 2139
01HQBKYQ8DAY1MDK4MKEWN32AG,Ada,Langlais,+44 320 803 4198
01HQBKYQ8DP0C6ED4GC79VGKMB,Cornelia,Flukes,+44 748 617 8355
01HQBKYQ8ECB234JWHC73ZS473,Bridie,D'orsay,+44 318 237 4623
01HQBKYQ8EZQ3JVMZN1A5ZKHN1,Claudianus,Sturch,+44 816 320 2685
01HQBKYQ8F2ZN1CBS4KTP39RG8,Luke,Burroughes,+44 353 697 6728
01HQBKYQ8FQMTXXX7C9B364VFM,Perrine,Curnucke,+44 711 603 4656
01HQBKYQ8GTXDAEDXEQFCFC4G9,Clarke,Soulsby,+44 162 713 0505
01HQBKYQ8GT9YPDGT5XB0FS71J,Sean,Thornton,+44 122 302 0405
01HQBKYQ8HE2635VEPFQKV7NTW,Tallou,Rodbourne,+44 923 373 7741
01HQBKYQ8HJQ608PAMV5HX2P4A,Katerine,Simone,+44 513 781 9573
01HQBKYQ8H7C1WZQN0YE4HZB6M,Ole,Bonhill,+44 154 975 0750
01HQBKYQ8JX328D4D5TXZM3GAR,Gretna,Trimby,+44 959 866 3926
01HQBKYQ8J4P9RN8GA2JHS2QJN,Ileane,Brundle,+44 546 216 9138
01HQBKYQ8KKKBJCNTY12KNF8P7,Corey,Oherlihy,+44 103 492 5453
01HQBKYQ8K6M2F3XDFXE8J9ME5,Eirena,Gergely,+44 262 312 0412
01HQBKYQ8MB9G0P9G1AHGMAR1W,Luz,Warrick,+44 265 338 1848
01HQBKYQ8MWJF0V2PDE9TH6ZHB,Waldo,Villiers,+44 184 682 1115
01HQBKYQ8NQAS19MADB9WTBKNY,Marmaduke,Crilley,+44 860 615 3238
01HQBKYQ8NBM4TTYC49R5G2CDS,Gwynne,MacRury,+44 900 507 0953
01HQBKYQ8PG8513BNTEK2793H6,Roy,Jowsey,+44 822 901 7248
01HQBKYQ8PF20694691GNR2THA,Basile,Congrave,+44 772 601 6646
01HQBKYQ8PT4QBAJ04XYFNTS3Z,Melodie,Brabant,+44 266 398 8967
01HQBKYQ8QH8E4MTV4NW6Y06S7,Reynold,Melmore,+44 421 931 7156
01HQBKYQ8RE25QBYGDVKA4Q55E,Beilul,Gabler,+44 327 172 2265
01HQBKYQ8RMWP47MH7ZKTH8XHS,Lucinda,Pumphreys,+44 734 994 9442
01HQBKYQ8S8S3QBQFTTM3ZH81Y,Parrnell,Zamudio,+44 482 301 3900
01HQBKYQ8SNZKZDZ9ZE5C6DMB1,Raffaello,Zecchii,+44 266 492 7977
01HQBKYQ8TG3TVXH4ND0DKF96H,Baxter,Keedy,+44 232 842 4684
01HQBKYQ8V7Q9VHD05P2P1H4SF,Wells,Cavanaugh,+44 490 683 0682
01HQBKYQ8WD2384MW7XAECY0CD,Sinclare,Spaven,+44 581 678 7034
01HQBKYQ8XTVXB6WY0GJRH5HQ9,Mufinella,Sanday,+44 443 935 6808
01HQBKYQ8ZVY9SQ6CG7C28YWHG,Rock,Trundell,+44 557 283 2099
01HQBKYQ90HGRAZXS7Y8AQGERD,Avrit,Bispo,+44 766 967 5623
01HQBKYQ9193ZQ2TRHKFCYCQBH,Aube,Westmacott,+44 586 136 1005
01HQBKYQ92XEM52YQVCVNR477S,Melody,Behrens,+44 357 729 7151
01HQBKYQ939PPQAD7SCPF3H26B,Bradly,Mote,+44 398 897 9502
01HQBKYQ94XXAF1JYQMG1D5608,Lucky,Schinetti,+44 236 249 8046
01HQBKYQ9520A5WX9EJRQZ6FKD,Griffie,Konert,+44 907 909 9774
01HQBKYQ966EWC802PVBNWM7CE,Edgard,Greensted,+44 416 417 3283
01HQBKYQ969VFVMJX0940W41ZD,Mar,Osipov,+44 257 637 6304
01HQBKYQ97WF5WKVY17C8V3YK4,Bengt,Izzard,+44 616 781 8672
01HQBKYQ98545XAE0B879EB6AR,Yance,Americi,+44 484 700 8435
01HQBKYQ99WS8MKAA5SZK8E0AV,Nina,Forri,+44 993 253 2141
01HQBKYQ9ACRW233RTGXH12WP4,Bran,Kingshott,+44 931 600 9672
01HQBKYQ9B628461MPBWS506QA,Merrilee,Mulrean,+44 535 502 6653
01HQBKYQ9C5J6N57T3DZD363MJ,Diego,Sarvar,+44 271 219 8777
01HQBKYQ9DPZ8FBTB7VB8W8D59,Maye,Philbin,+44 561 313 0901
01HQBKYQ9FA785K7WH8TATPPRR,Lola,Tubble,+44 791 156 8896
01HQBKYQ9G8SHCFBR4KZZK3GE3,Wait,Greger,+44 996 450 1206
01HQBKYQ9HJY1YB7ZHMWMF1EVQ,Carolin,Storie,+44 496 978 6553
01HQBKYQ9J5XNYFY570DXV095N,Noll,Mordon,+44 644 648 5834
01HQBKYQ9KH1ZWHACKEBS0096C,Gusti,Mercey,+44 383 254 0056
01HQBKYQ9MVN22EVH1F8T7ET97,Cori,Samson,+44 262 333 6169
01HQBKYQ9N644GB72VJJRFGCDG,Adriano,Mattke,+44 809 778 5303
01HQBKYQ9PPN1P4AD383TW1MWZ,Kitti,Piddlesden,+44 802 389 8879
01HQBKYQ9QZE6QBSE7RJBHFHY8,Lay,Soame,+44 294 606 6927
01HQBKYQ9QKW66ZA9MB633BCNK,Chic,Darling,+44 949 468 7734
01HQBKYQ9R2FFB0SP4NW01SEBK,Harv,Haime,+44 434 102 6624
01HQBKYQ9R5MX41T3WSY3P9V3P,Danell,Franzetti,+44 694 718 4565
01HQBKYQ9SWRJAY8WSN0EVCR1Z,Janna,Leavens,+44 878 116 0500
01HQBKYQ9SRBPSF2ZVFFKJFYF9,Adria,MacColm,+44 914 912 5722
01HQBKYQ9TCMVE1JJANHQPBY5V,Giacobo,Penas,+44 592 753 6650
01HQBKYQ9TVS5WYJ4PR1MBZ8SZ,Henrieta,Hadley,+44 705 496 5673
01HQBKYQ9T0S7Y6966JZ2Y6CVY,Oates,Paolone,+44 230 559 6924
01HQBKYQ9VSW33XV6N40V8DASA,Ashly,Eaglestone,+44 851 846 1879
01HQBKYQ9VT6JYCHJ32R4GCEFS,Marty,Heggison,+44 260 434 2993
01HQBKYQ9W0QJMPB8G3179G88A,Buckie,Karpenya,+44 295 210 6994
01HQBKYQ9WG2GSGNNEFMNC2RT9,Kathryne,Cuttles,+44 414 999 9008
01HQBKYQ9WFRE4933EVF8TFFGH,Edwin,Gibbett,+44 347 949 5176
01HQBKYQ9XCY4M114Z64F9412T,Butch,Raiment,+44 464 784 8098
01HQBKYQ9X8SXS4RE9Z4ETDRR5,Oliver,Milan,+44 295 274 0561
01HQBKYQ9YH3ZVWMN05BBA9QAC,Leonora,Matiebe,+44 531 349 2282
01HQBKYQ9YC4RV9W671P10Y6FZ,Lu,Pimer,+44 770 202 0650
01HQBKYQ9YJ52C2GTX4608S82W,Linette,Cannam,+44 245 404 5375
01HQBKYQ9ZGCHZFBF6NE51M77Q,Dall,Monget,+44 994 504 4074
01HQBKYQ9ZHY0SQMMZWMNFY8R0,Ian,Seine,+44 981 981 8117
01HQBKYQA0F46YDP1XZ9RMEG7K,Glenn,Goodie,+44 976 454 9472
01HQBKYQA0W16FC2K94TD7FX7B,Travis,Still,+44 195 882 1582
01HQBKYQA16S845Q33NKPB1KMF,Frederich,Rivalant,+44 622 193 5772
01HQBKYQA1PZSXNWCXP9ANBHW8,Kira,Patron,+44 865 934 5836
01HQBKYQA13X2P4N56TJSYWJEJ,Ase,Give,+44 242 665 8575
01HQBKYQA2QHMSXQ5DWHV1C11J,Ariadne,Burling,+44 168 614 0151
01HQBKYQA2P155EYME1TETS0Y8,Adrian,Baildon,+44 923 725 4701
01HQBKYQA3SR1M20ACZS15HNNC,Lorilyn,Pascoe,+44 966 303 9615
01HQBKYQA3MBVMH3E5KJJ0YM67,Milena,D'Elia,+44 997 384 1657
01HQBKYQA3F9TPHQ7AAZE3CKYX,Dniren,Josuweit,+44 893 981 9839
01HQBKYQA49X3T733RHCZFH08Z,Ambrosio,Dolligon,+44 381 946 0887
01HQBKYQA4F7Z8AKRT65KRAY8X,Sabra,Diess,+44 173 633 9644
01HQBKYQA5Y8V9KZWZXFFWFFBA,Robbert,Huie,+44 751 260 9664
01HQBKYQA5CFP0MSX1SHVQTEYY,Jean,Verna,+44 296 924 8064
01HQBKYQA5YZNHDH38KS2G5DJK,Millard,Stonier,+44 617 205 5393
01HQBKYQA62XDQ2H74HVS908BH,Shari,Blyde,+44 808 442 3640
01HQBKYQA6E2DE1PAFH9FJM8TQ,Jordanna,McKitterick,+44 156 854 4105
01HQBKYQA7NY5TD5ASSV2SE1H8,Norman,Whannel,+44 449 185 9885
01HQBKYQA7CNBVRAE3GVENX0J5,Nellie,Chillistone,+44 240 731 9587
01HQBKYQA73XT8B059RV51610E,Bianka,Dickons,+44 113 518 6399
01HQBKYQA89909A04BQGJBCNW2,Mina,Saph,+44 973 875 8388
01HQBKYQA8DTW98FGNYNECHW7N,Otes,Varndell,+44 109 262 9260
01HQBKYQA9M5Y8GK5Y9AE75DBG,Katha,Laurenceau,+44 244 957 9431
01HQBKYQA9R4F8HHGHM7MW44SY,Caterina,Fanthom,+44 638 953 2152
01HQBKYQA9E2EE5QFFS9STSJB8,Marillin,Iskower,+44 120 371 2849
01HQBKYQAAMS6D09YZ8YTX9XD1,Mauricio,Suthworth,+44 921 305 1997
01HQBKYQAA7ZA7MPZCJC7Y5N2P,Nikos,Gibard,+44 283 562 6273
01HQBKYQAB77RVDX67NTF9CBWX,Geralda,Antoshin,+44 696 745 2786
01HQBKYQABSXFBFAQDJZR7Z81Y,Anthea,Gair,+44 317 285 4998
01HQBKYQACSJ8AJQM91YSWHE55,Gisele,Recke,+44 235 114 5799
01HQBKYQACP61H53EG28YZH4HT,Trisha,Gaze,+44 240 451 6390
01HQBKYQACF2QA6S6EMVD5YCPQ,Betty,Dewhurst,+44 982 756 4834
01HQBKYQADRD8JJMXPJWQJTRPE,Janeta,Testro,+44 202 134 0089
01HQBKYQADHNSB8XQ9Y9V3R4JM,Erie,Vondrach,+44 677 809 1183
01HQBKYQAEHHYCN0TMPC39W20H,Leesa,Tolumello,+44 131 852 7220
01HQBKYQAETB9XYZVWFY1T4VP5,Caren,Dearsley,+44 429 861 8817
01HQBKYQAEDD9HHY56MV4SNB8N,Augie,Wisson,+44 907 236 7634
01HQBKYQAF2JB4VJSB7MGVA388,Marta,Pettiford,+44 505 184 6606
01HQBKYQAFD7NKQQQQ1VQFJ3R9,Carmelle,Ferryman,+44 592 887 0607
01HQBKYQAGW5PWC07BJ89M6YZG,Ivie,Mioni,+44 928 412 5396
01HQBKYQAGW3YAB607M5BMY8RE,Alexandra,Philippard,+44 949 936 2601
01HQBKYQAHXQ8HR3DSZ88ME69G,Frazer,Kimbley,+44 226 980 4051
01HQBKYQAH0XTBWASP448B4QPJ,Patrice,Collinge,+44 690 563 9198
01HQBKYQAHVK1QDRMGTKD5SE23,Hetty,Tortoishell,+44 968 667 1633
01HQBKYQAJ4NF0CA5C3VW14113,Stuart,Cursons,+44 544 534 7785
01HQBKYQAJ13YGZSS9GMFD4KAY,Merla,Thwaites,+44 691 281 9563
01HQBKYQAK38JBWNQTMGPP52B2,Janela,Blythe,+44 252 211 2790
01HQBKYQAKMSBMZ0QAX8RHSQZF,Leelah,Boxall,+44 798 561 5623
01HQBKYQAMYZZW1X6PSDD0VTGQ,Keith,Welburn,+44 456 994 3211
01HQBKYQAM020CCSS4BCQMGF7D,Wilow,Arniz,+44 466 980 5752
01HQBKYQAM0NCG6J1R1FW8D38Z,Aindrea,Reichartz,+44 402 629 7711
01HQBKYQANB92W3GE5C9NR38Q9,Paulie,Delooze,+44 192 624 5814
01HQBKYQAN952F93V9MKCBZFHH,Adelle,Matzl,+44 509 574 6825
01HQBKYQAPTBZF305HVNX4M5ED,Noelyn,Bosdet,+44 944 496 5859
01HQBKYQAPYWSQ33N1374VJDR7,Rosanna,Cavnor,+44 293 967 6469
01HQBKYQAPZKQ2MJKZ09854R93,Josie,Mulcock,+44 179 684 3333
01HQBKYQAQPDY0DTVE8B4CA6PR,Joeann,Tatterton,+44 364 976 2775
01HQBKYQAQC0VSPA4H8NYQJPE5,Neille,Hartridge,+44 755 597 2958
01HQBKYQARGCSY8ZE0WBWXD3BH,Thatcher,Soper,+44 359 687 8529
01HQBKYQARY48WPK4YCF8VDD26,Brooke,Masham,+44 901 406 0478
01HQBKYQAREFWZ6KBA3HG39EG2,Holmes,Smithen,+44 238 282 8213
01HQBKYQASQR4Y64QSQE7C9B2E,Hildegaard,Bridgeman,+44 563 943 6498
01HQBKYQASKZ284YDAYGJFX5NW,Rosalynd,Alderton,+44 314 870 6855
01HQBKYQATAXR0VX1CT9JFED6R,Jeana,Berlin,+44 128 904 2466
01HQBKYQATKV8E1YNPCFP54Q5Q,Vladamir,Bouttell,+44 782 786 5785
01HQBKYQAVKXE7MW08ASTXXEZQ,Theobald,Kinnie,+44 476 208 2425
01HQBKYQAVSM9FJV0RWW9RECZX,Isak,Peagram,+44 725 181 2189
01HQBKYQAVR2ZE53YCB6EH8YHV,Marcel,Gye,+44 261 895 3632
01HQBKYQAWY73Z45D17BQAW4X3,Evita,Elliman,+44 807 494 6540
01HQBKYQAWXSDN9J0D18TZ598B,Mandy,Desesquelle,+44 486 557 2989
01HQBKYQAX81QANDYEZYN5514Q,Ferdinanda,Gatrell,+44 786 281 7730
01HQBKYQAXMBYZ889TRC1HASC6,Elwyn,Wilderspoon,+44 782 163 9669
01HQBKYQAYZ6XWHVCDR5H64XKE,Datha,Gowanson,+44 633 512 5952
01HQBKYQAZ82TCVC2XG00AEXKY,Thea,Caulfield,+44 381 803 2413
01HQBKYQB0F00QV9AFF2Q77GTW,Anatollo,Labell,+44 871 472 6269
01HQBKYQB078GMKYW5V7N2RVT2,Dale,Downe,+44 645 615 1118
01HQBKYQB1TZHQJH6Q0X9VJM2C,Seward,Leneve,+44 678 764 0687
01HQBKYQB2JGQG6WVJCWV48660,Electra,Queyeiro,+44 819 334 4386
01HQBKYQB2DDRSGTE4QWVANJNZ,Ahmad,Messenbird,+44 904 114 7484
01HQBKYQB3X68Y2JEG87BX0XYA,Kelcie,Boutton,+44 728 429 5083
01HQBKYQB4YXHNYDN17J2EAVTR,Danita,Castellino,+44 297 917 6330
01HQBKYQB468D95EZR8CRMJ6DG,Lane,Peasey,+44 910 732 3451
01HQBKYQB56X4NS7EQ6SQ94D37,Dulcy,McKeney,+44 521 804 3188
01HQBKYQB5FNMEK70NT3PWP8Y5,Hermie,Slimmon,+44 684 585 2234
01HQBKYQB67PTQK9RXYDX5P8SV,Mitchael,Willetts,+44 116 936 4054
01HQBKYQB7SSGYWR77X1ZCDJNF,Raquel,Orhtmann,+44 186 780 6190
01HQBKYQB8WTZNGPKPNB002PBX,Lulita,Pilfold,+44 308 160 7533
01HQBKYQB805FARNXRM92NKE2E,Myer,Stiles,+44 679 525 1627
01HQBKYQB9RQ9NB47H9ZCTKPX4,Chadd,Kender,+44 499 300 0776
01HQBKYQBAH0SHTBDEGFYXFCR6,Beverlie,Cheatle,+44 215 454 8656
01HQBKYQBAY2C8P47PN8MG5V6W,Elfrieda,Do Rosario,+44 827 638 2800
01HQBKYQBB1ZAC98AKBSFSV48Q,Annalise,Hendrikse,+44 944 643 2474
01HQBKYQBBWAEMS32GFWDM738T,Calvin,Jannasch,+44 359 149 3797
01HQBKYQBCH3XDW630ATT8ZPDE,Wolfy,Handford,+44 315 293 0772
01HQBKYQBCM2VVZX02EMM6E63T,Phineas,Welds,+44 185 823 6126
01HQBKYQBCHFZFCP9EFW169P86,Jan,Bemment,+44 644 166 5655
01HQBKYQBDC5RZ4S885ZTYKANE,Shelba,Plaunch,+44 781 160 4792
01HQBKYQBD2CP5JBAS6TZ58C42,Virgie,Pellitt,+44 422 611 0077
01HQBKYQBEJVRWQA7G3KZ0KMWK,Kira,Reedshaw,+44 327 898 7139
01HQBKYQBEDC2KK59JX7R0YQE0,Prinz,Hinrich,+44 496 847 2970
01HQBKYQBE3RJPDM2XYMJG50XJ,Louisette,Jorry,+44 657 199 7905
01HQBKYQBFA0JCBMCVGV6JT7C5,Rupert,Grolle,+44 785 118 6910
01HQBKYQBFT2QHP057BBSTHBYZ,Devi,MacConnulty,+44 407 423 2919
01HQBKYQBGSEC8Y0GJFE5K1KV8,Sylvester,Ethridge,+44 643 804 3223
01HQBKYQBGJ62T57RQ08JMWMQF,Carree,Sentinella,+44 860 395 5343
01HQBKYQBGE0BSD7K8MKD01VFX,Marin,Klug,+44 748 193 8267
01HQBKYQBHB240T6T47J9WT070,Emelyne,Dagless,+44 260 941 1242
01HQBKYQBHW6TR4D0SBXDAPV95,Candi,Maggs,+44 221 736 0975
01HQBKYQBJB5T13B4JYSECEZ01,Tildy,Vokes,+44 323 661 2846
01HQBKYQBJBXDCZNN4FPBRVYFR,Avivah,Semmence,+44 721 829 6337
01HQBKYQBJ4978JFC01NYVBDVN,Dacy,Jouanet,+44 808 746 5277
01HQBKYQBKSG5HZEEPHCAB8C8Z,Tim,Airey,+44 765 574 9356
01HQBKYQBK27N7VG5P18Z9X4GT,Freeman,Von Salzberg,+44 800 541 4648
01HQBKYQBMBE94PP8GPWHARNTW,Tanney,Gault,+44 597 709 7613
01HQBKYQBM74W9C8Z0YJ4644BM,Heall,Vallack,+44 868 953 2506
01HQBKYQBNN75MQH3EC9671A79,Arie,Panther,+44 455 284 4959
01HQBKYQBN2P7Q29AE55ZSR4N2,Ward,Garn,+44 993 219 5118
01HQBKYQBNZ4AWAVQAQHMWTZ44,Dagmar,Lennox,+44 370 876 2312
01HQBKYQBPSPN953N97Q4C9CMR,Eli,Greenrodd,+44 675 959 2627
01HQBKYQBPBM8CAFMC92JEAD5T,Cris,Flemming,+44 614 957 0595
01HQBKYQBQH8BDXQC8JZWF9ZWZ,Kerri,Garard,+44 751 164 8801
01HQBKYQBQ50WHE2ZH988HJ4VH,Rubi,Langhorn,+44 409 430 7982
01HQBKYQBQNPFHR0XM52QTBT0Q,Brunhilde,Slot,+44 484 710 4908
01HQBKYQBRR3E0JDTKW32TC54K,Taryn,Gwillym,+44 436 747 3870
01HQBKYQBRHC7BW05T2XTJZCTQ,Vivianna,Fothergill,+44 799 178 0000
01HQBKYQBS2DQSCFAWDSH5HNB4,Bev,Dorricott,+44 802 767 5077
01HQBKYQBSEGHV48WCQNAFA8A9,Riannon,MacAirt,+44 310 710 7720
01HQBKYQBS0SE01QG9PE67QN2V,Arabele,Clothier,+44 644 261 0199
01HQBKYQBTSS7QZ8V3P38JAXS0,Emanuel,Handmore,+44 399 249 8552
01HQBKYQBTBCNG1C6TF2KGD8SB,Salaidh,McColley,+44 696 576 3373
01HQBKYQBTVX9JMSR94C2XHQ4A,Loreen,McKeurtan,+44 844 326 8457
01HQBKYQBVXT589DQQ34VYYW0X,Finley,Simacek,+44 298 842 6242
01HQBKYQBVKAH8DN6043CHCMS3,Glad,Trippitt,+44 550 163 8480
01HQBKYQBWK70DRB6SF6V02P61,Marijn,Tozer,+44 961 195 4526
01HQBKYQBW5NYCCC02VAGA70Z2,Helaina,Layne,+44 580 272 9364
01HQBKYQBWQEHJSE6YE79ENVEQ,Gunar,Padgham,+44 110 460 3762
01HQBKYQBXNJM1JBTZ0WFHNXP8,Eziechiele,Alkins,+44 894 313 7310
01HQBKYQBXJB2NVKFW6Z2ZMBEJ,Christean,Selwin,+44 998 554 9565
01HQBKYQBYF9PRY4MJESC6QG3T,Rudyard,Cultcheth,+44 593 481 2966
01HQBKYQBY30NRF7BFGG2YJ01T,Sena,Asee,+44 933 760 5699
01HQBKYQBY69YZ2Z3YGV8X724K,Ali,Hurtic,+44 146 725 6999
01HQBKYQBZRAG9QXFD95GFYV80,Charlton,Edelmann,+44 574 752 1849
01HQBKYQBZEPWFJP1N6KKT86PF,Stoddard,Lethabridge,+44 108 206 8679
01HQBKYQCC8ETJ0AKNXNA12K85,Desmund,Beaty,+44 701 142 5422
01HQBKYQCCQCN6E9Z009Q5PEF1,Stearne,Skehan,+44 162 343 5750
01HQBKYQCDQ7X8T2P499EGV20H,Shawna,Malinowski,+44 573 412 2714
01HQBKYQCDPF06KF5ERQD7H2DF,Britney,Mearing,+44 141 293 2260
01HQBKYQCDGGT8G8ZW6E6EGAN9,Bradan,Ketteringham,+44 259 665 5906
01HQBKYQCE9CKMQ8MY0BCX69NG,Brinn,Alexsandrovich,+44 991 128 1868
01HQBKYQCE7VE26N6KDGDCAZBJ,Davis,Ortet,+44 239 993 7650
01HQBKYQCF22EXCRP7MYDFFJZX,Carina,Fresson,+44 116 296 0769
01HQBKYQCGE1W247YVJ57R44NR,Almira,Loveitt,+44 408 304 6754
01HQBKYQCG2GCJBE95NCGEA1EZ,Roddie,Rouf,+44 859 187 4214
01HQBKYQCH436YZ20Q2T0WX55G,Filmore,Braunlein,+44 143 200 8863
01HQBKYQCH7294EX910X2NT4GP,Elsworth,Sneesby,+44 746 462 9142
01HQBKYQCJERA3THNDKRBQCYVN,Winni,Marousek,+44 137 883 0747
01HQBKYQCJ2X7TAY1Z1KJED9ST,Conney,Speechly,+44 576 245 9151
01HQBKYQCJ6Z8TDEKH8GHFAJRF,Richmound,Bonnesen,+44 350 248 3692
01HQBKYQCK5AE1FEJKZ1W6YRWS,Gran,Egell,+44 524 346 1738
01HQBKYQCKW52EQBWFPRMZKFDN,Carlota,Jacobowitz,+44 600 450 9779
01HQBKYQCM2P8D0Q2TF821RQ1C,Tim,Waterfield,+44 314 129 9739
01HQBKYQCM7S7GRDQ9WYHVKPSW,Glenden,Stedmond,+44 786 528 5206
01HQBKYQCNFWKX908BTPEZW0AK,Stephana,Gratrex,+44 792 734 6046
01HQBKYQCNEAFZR89X8JNY93JW,Brianne,Sones,+44 409 543 6001
01HQBKYQCN275TSMCNJA2HEJDJ,Iormina,Groomebridge,+44 775 946 3141
01HQBKYQCPYT3N808120Z0QHS3,Hakim,Sizzey,+44 139 343 5006
01HQBKYQCPJ2E02HN3VVFHBAX6,Hinze,Newlands,+44 469 169 4199
01HQBKYQCQ7E73BGFZRHVR8PC8,Cris,Breddy,+44 708 272 3883
01HQBKYQCQZF9K17458NFDHPQS,Kirbie,Hintze,+44 324 762 0191
01HQBKYQCRJJ9ESEGK6CMYS3W8,Marchelle,Magnar,+44 748 566 7695
01HQBKYQCR9965XR0QVJBJM2NA,Julina,Jedrys,+44 300 565 5686
01HQBKYQCR7VZBWMK7Y50KE4HC,Emmy,Killen,+44 204 381 3182
01HQBKYQCS3NCNQP327PT89Y5X,Ruddy,Henrych,+44 496 896 5876
01HQBKYQCSKQHP0RKYMA4SD9DB,Ulrika,Steagall,+44 805 582 1877
01HQBKYQCT0XSVMA2XDGSDK0P8,Valry,O'Cassidy,+44 757 478 7025
01HQBKYQCTFV3B478B9139CCR6,Cam,Dell Casa,+44 363 901 4257
01HQBKYQCTGS6JQ9FQYKSZFZDS,Portia,Skally,+44 829 587 7596
01HQBKYQCV706HA8YTY3Y33G2T,Umeko,Lundbech,+44 107 320 2445
01HQBKYQCVNQZXBMD3ZDFBFZFB,Aarika,Dodworth,+44 205 472 8611
01HQBKYQCWDT94GVBDCA7B8R8F,Addison,Cownden,+44 606 264 8962
01HQBKYQCWCXSNSGGSNN5ATTMH,Flory,Diggles,+44 389 746 0757
01HQBKYQCX0BTHHGZ7XC0T8624,Zia,Goldring,+44 271 718 9707
01HQBKYQCXJC0F22ZTPSZYR3AT,Kendre,Passler,+44 680 553 4152
01HQBKYQCY3GDZ2CJ0Q7029C7J,Ethan,Petit,+44 702 904 0010
01HQBKYQCYPT3N8W4P3SZNPKSW,Catharina,Francesco,+44 224 523 2928
01HQBKYQCZTJ7Z33N2WGW0DY0B,Audry,Resdale,+44 290 185 5191
01HQBKYQCZ4974SWRCCVMFHFAX,Jaquelin,Frediani,+44 472 749 0429
01HQBKYQD0CZQCC38CEAT3B6M2,Bram,Crackel,+44 941 774 5391
01HQBKYQD0MXQ28AFCGHV3P1HZ,Aviva,Kennermann,+44 670 863 9809
01HQBKYQD13MQ9A6MH00C173NW,Mickie,Balling,+44 681 627 5258
01HQBKYQD1T0EA5A37JR63CNMT,Nelle,Rabjohns,+44 262 950 1334
01HQBKYQD2BJ7ABV5XMKZTN9XF,Ellery,Elliss,+44 106 428 6284
01HQBKYQD29ZAEP88VAVTTZ24R,Falito,Romain,+44 747 458 7321
01HQBKYQD3RMJ6EA0FNK0HRT6K,Sauncho,McNaughton,+44 729 478 8200
01HQBKYQD3AQ3HDRWJ6B7SAMGC,Arty,MacKaig,+44 257 451 8117
01HQBKYQD3E4MVZC04AN5TJMCH,Camilla,Graybeal,+44 692 337 3909
01HQBKYQD4S3BV1WNDRA3B86AY,Selena,Blachford,+44 109 267 6493
01HQBKYQD4GSHMBB2DK6CSDBTM,Teresita,Sherrin,+44 860 500 5368
01HQBKYQD57JCX7NC6NEBWQN1M,Marve,Nuzzi,+44 549 262 6005
01HQBKYQD585P1BNSPT2X6PC4M,Jacquie,Antoniades,+44 822 111 3823
01HQBKYQD5NXF09SZ90SY7D2H1,Vivian,Rosenqvist,+44 197 670 5613
01HQBKYQD613582FETDCN56VPC,Chicky,Rotherforth,+44 219 732 6974
01HQBKYQD60DGZV92BTB8JX5WX,Edgar,Balsdon,+44 118 419 2213
01HQBKYQD70F1GJGMPZD2W5VKR,Rodger,Starking,+44 672 694 6102
01HQBKYQD7838TF3D4MG6HVG01,Jayne,Kivlin,+44 669 524 7853
01HQBKYQD8N7TY8AY57ZKQFEQP,Billy,Hobbing,+44 745 707 0698
01HQBKYQD8FGTMR82E5GDVZPXJ,Eberto,Mugg,+44 453 975 4560
01HQBKYQD8S7CDENNSYNZRG2FQ,Carmen,Dable,+44 936 964 2526
01HQBKYQD9GBR90JHPA7EMFJKP,Kim,McCreath,+44 278 393 8485
01HQBKYQD96Y8DXBB6E7R2HN4H,Thorny,Wilsher,+44 874 168 5857
01HQBKYQDAENAD1H60RV7RQF9Y,Emmett,Knagges,+44 728 690 8639
01HQBKYQDASPT8QKX5MXMGZVE6,Jervis,Neligan,+44 965 591 2754
01HQBKYQDBC017ANK79MB2JM5B,Miquela,Tadman,+44 885 421 5455
01HQBKYQDB1ZDC6WVHZTFS435D,Claudia,Lundbech,+44 899 939 3214
01HQBKYQDBY8JJJC5VGFKW18FK,Filbert,Gioan,+44 406 137 2671
01HQBKYQDC3M0SY2WK5HVAGRPW,Rosemonde,Angelo,+44 266 898 5786
01HQBKYQDCB5GAVBZ2N61K4TMD,Bryn,Dresse,+44 950 333 6548
01HQBKYQDDGT3402GK8TQ3S2VP,Bride,Galbreath,+44 333 755 7921
01HQBKYQDDYYMGZHKF8RJRJDPV,Berte,Greson,+44 769 149 0063
01HQBKYQDDTQWRRAN7HW8XA9PV,Dara,Renihan,+44 784 472 6945
01HQBKYQDE8RJ70YDBEPMW1NTD,Rey,Gulliford,+44 598 769 0034
01HQBKYQDE03E9V5BF9FK3NWJ7,Jimmy,Siddens,+44 217 399 6574
01HQBKYQDFZXBCDZ3NKD9AYCVC,Fania,Trulocke,+44 945 917 0792
01HQBKYQDFV6T2QQBMVTYCBSYA,Sheffield,Bilbie,+44 206 819 5493
01HQBKYQDFKDKX597YQ0E8BEFM,Christi,Fright,+44 505 303 6115
01HQBKYQDGHZ5XERAJTEQ1HDGN,Esta,Giffkins,+44 726 881 4029
01HQBKYQDHJP9Y3JQ1A0QENJMM,Ceciley,Harses,+44 477 231 5985
01HQBKYQDHXSYRXCCJMEAVSZ3J,Arnold,Langsbury,+44 177 994 6745
01HQBKYQDJ23VQV8TZGHA96XDS,Cherice,Course,+44 599 394 5446
01HQBKYQDJ45Y0K701PPYJN4PC,Marcela,Sayers,+44 226 742 1117
01HQBKYQDJR94DW7GEKYPKGM8H,Shaun,Braganza,+44 680 280 2164
01HQBKYQDKNS503RTS6CTTY8BS,Bili,Gask,+44 915 468 1667
01HQBKYQDK8ZWZTFXTJCBJG9TD,Kelbee,Leithgoe,+44 581 578 6205
01HQBKYQDM6WGXNQZX1WCHFRX4,Goddard,Vassman,+44 198 269 4767
01HQBKYQDMJNR6KK4B27F52XFR,Yettie,Tourry,+44 620 772 2655
01HQBKYQDNVN2Q7Q36J7HKV1J5,Nelle,Copnall,+44 973 867 5106
01HQBKYQDN2SY692078GQF1QTN,Erminia,McLarnon,+44 129 428 2879
01HQBKYQDPW2Z0HS9S054K29W0,Denyse,Mullally,+44 907 511 7924
01HQBKYQDPEKE0GP3PF2DPN72E,Finn,McChesney,+44 367 315 0985
01HQBKYQDP6W73EYXA8QZGYB2G,Ariana,Whittaker,+44 569 461 0730
01HQBKYQDQVK6F136ZEAE0KN44,Isis,Haithwaite,+44 385 234 6833
01HQBKYQDQ2NQAH9GFYBQASSRN,Adeline,Poskitt,+44 339 952 2186
01HQBKYQDRC2CB9GMJVJ84KZG7,Dwain,Bergin,+44 281 860 8128
01HQBKYQDRA988QRBQHRA425A0,Chrysa,Bill,+44 543 535 5538
01HQBKYQDRHCRMS41JYZ2ZCWV7,Lovell,De Rye Barrett,+44 868 209 1850
01HQBKYQDSS8X7Q9E2GKXJFF1J,Rubia,Dresse,+44 299 875 0859
01HQBKYQDSX8JS9GQNYSMNPE44,Ephraim,Shurville,+44 923 941 4352
01HQBKYQDT85FW8PFPQRGZBW2Y,Cynthia,Whaley,+44 405 631 0587
01HQBKYQDTA2APNFJVGMP7F6KA,Lanette,Carley,+44 461 706 6509
01HQBKYQDTWHT29S23BYPPQDS7,Kimberlyn,Malacrida,+44 294 782 3918
01HQBKYQDVFKSDDZZ6P6HDBACB,Frederik,Cannop,+44 904 791 2167
01HQBKYQDWG1J9HCE91XDS2T6A,Alaric,Grishinov,+44 782 576 4558
01HQBKYQDWKE90FWX6SAT6T6S8,Gusta,Heaps,+44 177 631 7831
01HQBKYQDX26HKJ55P7RMA4FXX,Constancy,Skough,+44 817 643 8966
01HQBKYQDXCYDNAANQHWY798VN,Rolph,Treeby,+44 778 540 6927
01HQBKYQDYY3XF5KTWS5QX79ER,Gabriel,Bartolomeotti,+44 884 785 8535
01HQBKYQDYHYSY3CRRQ3SM6QRY,Susanna,Strelitzki,+44 268 393 6804
01HQBKYQDY5CB0HY86JYTDSAEQ,Drake,Chatfield,+44 970 742 0110
01HQBKYQDZ4E1NEESEQ27GEWDJ,Lucias,Munnings,+44 290 809 8932
01HQBKYQDZPAXN26X0HFX09V9Y,Rogerio,Denizet,+44 372 571 8146
01HQBKYQE06M58CASYA7VHYCXJ,Hamid,Rilston,+44 872 843 7720
01HQBKYQE0NDTRD6VSZY1DMKHS,Roderick,Enrico,+44 186 900 6936
01HQBKYQE061DD930VVDH8JK0F,Brittney,Darville,+44 482 769 5990
01HQBKYQE1A3GH8J8YETJ4THF3,Kerr,Dossantos,+44 248 832 5185
01HQBKYQE156K75XMP7603Y2RT,Kora,Whitmell,+44 955 699 6841
01HQBKYQE2VKG3TS677PVBKBEN,Kendre,Keddey,+44 698 275 7441
01HQBKYQE2PHV1ZF2QD4TYND4C,Kayla,McBrady,+44 842 497 7389
01HQBKYQE24SJETB10GNNW6S8J,Wynnie,Behrendsen,+44 696 374 7476
01HQBKYQE3D0GASMD0TF4B4GXM,Hillard,Mounch,+44 515 103 6339
01HQBKYQE38Y7PVDGAB05Z2DHA,Lazarus,Rourke,+44 679 538 1853
01HQBKYQE4DBEW4EK4JECXK5W1,Christiano,Odd,+44 642 707 3701
01HQBKYQE478XRAM3HRF455BGE,Emmy,Coath,+44 275 960 2353
01HQBKYQE4JD2XN7294HAQ565W,Erinn,Trevaskis,+44 361 252 9954
01HQBKYQE5SCH54PF9Z47QMZ08,Candide,Keeltagh,+44 946 938 7880
01HQBKYQE5YBN83KWY6RXRZ8HG,Blayne,Swaite,+44 726 950 9736
01HQBKYQE6M4GHV957G51MGWTM,Courtnay,Mulmuray,+44 243 666 7309
01HQBKYQE6KT4EMF2SD2G76DZV,Dara,Sanpher,+44 181 240 1969
01HQBKYQE70HTPZG756V638G3X,Auroora,Duddell,+44 369 630 4716
01HQBKYQE70007T6V29W6G03E3,Cameron,Braybrook,+44 583 716 1052
01HQBKYQE780XBHWEPPAW05ME7,Newton,Skey,+44 788 958 1363
01HQBKYQE84A293CTHH3C7BE5B,Emmerich,Cominotti,+44 273 965 6290
