order_id,customer_id,order_date,status_of_order
01HRVX0SX29QTZJM3TVWJYNBXY,01HRVWP9BXA4D3J70J1PQJ6ET6,08/12/2021,Cancelled
01HRVX0VHWJVY1BB7VGQ5D6WNE,01HRVWP99MPKDN6GDYYX4CV6AK,05/12/2020,Cancelled
01HRVX0VWY5P74PBMBGKSZ43BA,01HRVWP98PHQR8GMXESVZJ6RVD,09/01/2020,Cancelled
01HRVX0VWZ367TSWRRKMTXZZXE,01HRVWP95NYFVQCY37R3FKNRB0,09/06/2022,Cancelled
01HRVX0VX0XSPQRP0A2CBCSK68,01HRVWP9C4QGN2WD7F5HF4GXC3,06/05/2021,Processed
01HRVX0VX0K8RSG9VGDQVJ528X,01HRVWP9481HE0SNQKSWY023SQ,08/07/2022,Processed
01HRVX0VX13MCMCB61E191ZGJP,01HRVWP97MWFHNEW5QRJKQKABM,06/06/2020,Processed
01HRVX0VX2ZWVVBX9K2VY87EY7,01HRVWP9835YN8Y345GMZD2Z05,16/08/2020,Processed
01HRVX0VX3MQYGQNTDZR94W3AQ,01HRVWP9AKEB5EM7KRD4ZP0ZZZ,24/10/2021,Cancelled
01HRVX0VX47P4J35GKZRFC10B5,01HRVWP9CNMJ8VD598CNGYAE62,25/10/2023,Cancelled
01HRVX0VX5TBT5BABZGR6H6F41,01HRVWP95M32DKNNKSBCETC76B,05/12/2022,Processed
01HRVX0VX66MMQQPXT2ABSWN64,01HRVWP95JPSC6H5ZR3B0DA3Z5,14/12/2021,Cancelled
01HRVX0VX753HB7V6VWVQ05H6E,01HRVWP96EHXBEDESBHPKW3B0G,16/04/2020,Processed
01HRVX0VX8ZV1CNY3B19VFT1XV,01HRVWP97XGZC68KRHFHXZPM22,25/04/2022,Processed
01HRVX0VX9CPGDJ0DP476KWR2V,01HRVWP97Y7RJXN5AEWRY9QDF0,02/01/2023,Processed
01HRVX0VX96S2EM6KD58NQGCZJ,01HRVWP95J5EFGG9TSWVYX4WV2,12/12/2020,Cancelled
01HRVX0VXAPA1FR8D4EG2BFC4P,01HRVWP969G9AKTNTXFSV1WA4V,08/01/2021,Processed
01HRVX0VXB77AM136K3GQ145S3,01HRVWP95RVB7X9W9X2ZGEK54N,07/01/2021,Processed
01HRVX0VXCKVKQKCYRG9MN4N4G,01HRVWP9A98433TPQA1WWEXWP7,05/01/2023,Processed
01HRVX0VXDDJXW0T5PBVX88Q55,01HRVWP98AE4QY4SZ1KMSVDMXV,15/10/2021,Processed
01HRVX0VXE38SMDJ3P730CQA4D,01HRVWP9765ZEBG8956651T6BC,26/11/2023,Processed
01HRVX0VXFD5G1RNTG3DZP7FSM,01HRVWP9B0GBDDDWY5H4K6BZ35,19/10/2022,Cancelled
01HRVX0VXFYZ0DR6GQHCQQCVJZ,01HRVWP9AFK5T37KRAVFSG3FD3,26/05/2023,Cancelled
01HRVX0VXGJF06JXS0GNZ7BNQP,01HRVWP96BJRAD3E1CVB0YJ65J,30/07/2020,Processed
01HRVX0VXH7XBAN7S56RKT5YSV,01HRVWP97ZH9Z672055JSTXGWD,14/07/2020,Cancelled
01HRVX0VXJDQHYXJM7DWMGP73F,01HRVWP9C2F8XSXVQ6C9J95DHH,22/03/2020,Processed
01HRVX0VXKJY7480E8JT72TY9F,01HRVWP9B2MK0K78EK44N46RGA,27/05/2022,Cancelled
01HRVX0VXMRB29MWGCY8FZXTRC,01HRVWP98DX2GHK440TRE3H6QX,11/01/2020,Cancelled
01HRVX0VXMGM3N758P6BTC6EBD,01HRVWP94VC548X0X9PMV80XRP,14/08/2022,Processed
01HRVX0VXNE9C3EGMB8ZE9NBQJ,01HRVWP97TQVQ6RDJNG4MK8SB6,07/07/2022,Processed
01HRVX0VXPC0583A60RH3RNCVB,01HRVWP96GFP91NETX5EHXN5A3,10/10/2020,Cancelled
01HRVX0SWZPZRW3W501MGG2PCG,01HRVWP99HFW74STPHYM3WQFDA,31/07/2021,Cancelled
01HRVX0VJTMY0NRNTF6MYP0ED6,01HRVWP9718C1PKES3YJT1EZTC,05/11/2020,Processed
01HRVX0VXWR7KMH8F6PAEF518Z,01HRVWP96QYVVDP5P3HR5GF8NA,03/11/2021,Cancelled
01HRVX0VXXX4PB58HDHE2PREG5,01HRVWP9AC9Y2ZBXKC7HS9Y8S8,02/11/2023,Cancelled
01HRVX0VXZDXN4JWXW8QBFJ0NF,01HRVWP9AKEB5EM7KRD4ZP0ZZZ,19/11/2023,Cancelled
01HRVX0VY08MJHHZAYMQ53P98S,01HRVWP9A98433TPQA1WWEXWP7,24/07/2021,Processed
01HRVX0VY2S2DV2AMR2BDJM0XR,01HRVWP96GD9HB82020T3X6JX6,16/01/2022,Cancelled
01HRVX0VY3637EB3ETKTRTC8J2,01HRVWP97Y7RJXN5AEWRY9QDF0,09/01/2021,Processed
01HRVX0VY49MKWD8XGJJ9F92NK,01HRVWP99KMEQ2SHMK2BQER2VZ,29/07/2021,Processed
01HRVX0VY65NY81B7KZ8ZWEV38,01HRVWP94ENWD9Z3NCKS7MHR8D,17/07/2022,Processed
01HRVX0VY7ESG2XMRHZDEDDHWP,01HRVWPAGRZZ8JPXHQMYS0W5Y1,19/01/2020,Processed
01HRVX0VY985A4R8N6SE4MT9GC,01HRVWP985TXHH438D097FC777,03/03/2022,Processed
01HRVX0VYAX95FS0ZXCXRDJCCZ,01HRVWP948GKS123K54AXW8S8S,07/09/2020,Processed
01HRVX0VYCVK3B4ECCZSNHC93E,01HRVWP98WPN5Q9VZTNWY3TWP9,21/03/2023,Processed
01HRVX0VYDGSHHZ7Z2AF19J9JK,01HRVWP9768RAK1V3GBYK3XSB5,17/04/2020,Cancelled
01HRVX0VYFZ06T06DWGKQRVQHZ,01HRVWP95R05H3CMA2NBEJ2XAZ,21/02/2020,Processed
01HRVX0VYGRC4VHSTBNVDWFGBP,01HRVWP99M58VREG36ZGT8R45K,08/03/2022,Processed
01HRVX0VYHT6TJ8PZ4YXHAR138,01HRVWP99HGXSMED3DBHVRMEXH,19/02/2020,Cancelled
01HRVX0VYKFNDDAZACE80ZP9CY,01HRVWP9BSTKFAA93YAZ8HQ1T7,07/07/2020,Processed
01HRVX0VYM3RB71FEN188RY3YX,01HRVWP98AWYHB9T9708FKQJCE,21/07/2022,Cancelled
01HRVX0VYPR0ERN76YZ94N0PD3,01HRVWP96WYAB13Q6V7M19XF1A,24/05/2022,Processed
01HRVX0VYQXH3XJXKSFT71FK62,01HRVWP95PTY4TFXGC0FDBCD22,14/07/2023,Processed
01HRVX0VYR8ANRER5KDHWQYR6F,01HRVWP97EPYMAG0BP2FTYVNMB,19/09/2022,Processed
01HRVX0VYSXPXW0Q3V86X998H7,01HRVWP971YPRXAPR2NSN4FD3M,26/02/2021,Processed
01HRVX0VYT8J1TQQRTZTKFRH6D,01HRVWP975J3NVMDQYQR4SZYBV,07/06/2023,Cancelled
01HRVX0VYV1GVM3J5T0R3EP95P,01HRVWP93ZCBM6FKW7NKYMBGPE,24/02/2022,Cancelled
01HRVX0VYWGBQ3EV5MRV44ANBT,01HRVWP9BZ0AT43458PNMXKP5P,18/04/2021,Processed
01HRVX0VYXH06EJN3EYA164XB7,01HRVWP97Z718NSY1K2M329ES1,21/01/2020,Processed
01HRVX0VYYPQHS81W8G91KYP00,01HRVWP991WAQ2W03MTQ7BFWW7,19/01/2023,Processed
01HRVX0VYZ7AQ9MWYG5GGED5SJ,01HRVWP996ZNC5XEZZX7PQMA36,19/04/2022,Processed
01HRVX0VZ08BJ7ACD80ES2GY4E,01HRVWP990W5276S0EJJDF0YJB,25/11/2021,Cancelled
01HRVX0YXR17EK14T1AZQPAXVT,01HRVWP95PDR3Y798ERA4Z48CB,20/11/2022,Cancelled
01HRVX0ZSN4DENNQJVS9PS7A5T,01HRVWP98NXVT2EW23NWK8QCDR,10/01/2023,Processed
01HRVX0ZZ6KQQPS3REB6T9F1BJ,01HRVWP9C5XHKTETQA0VVC2P68,04/05/2023,Cancelled
01HRVX0ZZ7QXB70H19SZ662QYY,01HRVWP9B679VCVQD9B0FV0SKR,04/08/2023,Processed
01HRVX0ZZ8BKT01P9SMTF71WTQ,01HRVWP99NZKJQF06HCTAG02Z4,11/02/2023,Cancelled
01HRVX0ZZ840WJD5H17TFGD8PZ,01HRVWP9BE75X578P6R0TJS494,28/01/2023,Cancelled
01HRVX0ZZ98T69X2QZ6NB2E7HT,01HRVWP96QFPC3V768BTWBZP4X,06/06/2021,Cancelled
01HRVX0ZZADC3ZHZKSKEFFGNB8,01HRVWP9B7M0D1YVH4AZS7Z4CG,16/12/2021,Processed
01HRVX0ZZBHJ2S2D5HX8NKX7QV,01HRVWP963W44X8B7B1WZGWTBW,22/12/2023,Processed
01HRVX0ZZCRQMJM3Q4SH42QRYC,01HRVWP9C2F8XSXVQ6C9J95DHH,07/05/2022,Cancelled
01HRVX0ZZDC2TEM3MG55YKN23W,01HRVWP9A6XXW7H5N03C3FAMVY,21/05/2021,Cancelled
01HRVX0ZZEY3CBQ63210ZYZSY9,01HRVWP9BX8KJ3ZBZV3K0JD0S8,10/01/2023,Processed
01HRVX0ZZFRHA8R4CHBBXE9H8Y,01HRVWP965YVHRY830A5GC38WG,23/04/2022,Processed
01HRVX0ZZGSR2J5V7EVH4WM41M,01HRVWP9B4WSGD4CFBPKKZF5KD,22/06/2020,Cancelled
01HRVX0ZZH5ZV0Y8XBV2M6X3EF,01HRVWP97CTS4VZHCNDM51EESY,25/10/2021,Cancelled
01HRVX0ZZJAA86AQ6S9823VYC7,01HRVWP94WC24W84EMZ662DBHT,06/04/2020,Cancelled
01HRVX0ZZKRGCRV5CZTDGW1B3K,01HRVWP956MTEX2B184BS1NWWC,02/02/2020,Cancelled
01HRVX0ZZMTD7C8E7AAP0AGNKW,01HRVWP9C12FE12H5G1CTY2AYQ,15/01/2023,Processed
01HRVX0ZZN0V70FWQW5N4BFDFF,01HRVWP998JSRR46PPZ1GW7Y6E,14/08/2023,Cancelled
01HRVX0ZZP04XF7KS2490Q4Q7P,01HRVWP993GF5ATNFDRG30T9DA,06/12/2020,Cancelled
01HRVX0ZZQHKYPS3TEKQ3ZF7SN,01HRVWP9610GTEY4NT4GK1HA86,20/08/2020,Processed
01HRVX0ZZR6F7EEGANV79PQGRJ,01HRVWP977C5MWM4WWH4G26KQC,17/01/2023,Processed
01HRVX0ZZSNR89NH5S0A88ZB2V,01HRVWP99TS69A207F3JW2EVX3,14/12/2021,Processed
01HRVX0ZZS203D4TWGCZT6FJ3R,01HRVWP99F5W12TVD5CBDCTCJF,01/09/2020,Cancelled
01HRVX0ZZTM0MNY0Q4ZN2A1KXD,01HRVWP96BW5KRG2BTGM7CEQ7M,15/06/2023,Processed
01HRVX0ZZVE5WK1019QVNNHCBT,01HRVWP99YDBDX06SZM0WZ71PT,04/10/2020,Cancelled
01HRVX0ZZW48S7NP7NY8SW3FMH,01HRVWP9882YN2CYTQT5H803JR,10/12/2023,Processed
01HRVX0ZZXZFV0W8NE96N6KMZY,01HRVWP97JYD523RW78B0NVZT4,24/07/2022,Processed
01HRVX0ZZYEQ6A5D0TFHRGNXVX,01HRVWP97JGT8S4ZDRECW5FMH1,12/02/2022,Cancelled
01HRVX0ZZZDEWG7YFRERQQMP4P,01HRVWP9AMA98D4GTMP3Q7VFCE,30/08/2023,Processed
01HRVX1000QJPER82ZYYV5YEB2,01HRVWP9BY97FGHG1HBAQCKSNC,23/09/2020,Processed
01HRVX0YZFE0V8ZBGCB26FHG95,01HRVWP94WSGNBNCHS4Q3EZH47,01/07/2022,Processed
01HRVX0ZVESWYSWVBQZEHWRN4K,01HRVWP96A8016VQW629JFGY1B,04/12/2023,Processed
01HRVX1011WCHPVQH6E7PS5AGK,01HRVWP962NQHVJ698K2RF19T4,12/10/2020,Processed
01HRVX1012CJTZ07RXHQ3WNMRZ,01HRVWP9ANR9VMSH3PE3ZQRSDR,21/01/2021,Processed
01HRVX1013B1Y6DFCFWD4CZXMP,01HRVWP982R1HVS3JABWNE3E6A,25/01/2022,Cancelled
01HRVX1013WDBEH43J417FB6PE,01HRVWP99R96HJ3GQZGAWQTMC0,24/05/2020,Processed
01HRVX1014DZSK8M4XP8N4A1AK,01HRVWP98652M10NCMMTSE58R6,21/11/2022,Cancelled
01HRVX10152BY238F6Y3NDG8SB,01HRVWP9540EA7CFD6GPBD4ESF,17/09/2020,Cancelled
01HRVX1016S48V8HEMSXRP7H5H,01HRVWP99Z5QXFCTS82SVZXBR2,30/01/2022,Processed
01HRVX1017VYNMR8WATS31TKA0,01HRVWP952GD370N066YEKXSDN,31/07/2020,Processed
01HRVX1018DH7YN79662TX9HZG,01HRVWP97V1TZ73TQ7R831R31F,20/09/2021,Cancelled
01HRVX1019FWTYE9R25E49TWMV,01HRVWP97WK1CBMEE6P5WYNGFT,28/09/2020,Cancelled
01HRVX101AJ6BMN32Q3ZRQWV4S,01HRVWP96235617102NZDJ416H,28/03/2023,Processed
01HRVX101BF9Y5EH1K976QQ8SE,01HRVWP9B54P2QTMJNY01J8Y8S,20/03/2020,Cancelled
01HRVX101CCEB3TE10893CAVF8,01HRVWP974JVEPD97FKXYNDWWE,03/01/2020,Processed
01HRVX101DRK74306AE75Q09T4,01HRVWP95G4RC2NYV5SZWNPCJH,09/10/2020,Processed
01HRVX101E2F09TE2FYJ3RBM1C,01HRVWP95BS5BJSVHMHGS1E9Q2,12/05/2020,Cancelled
01HRVX101FX55K400TVWTWNM5V,01HRVWP98MBBSD1CHG82JS81B5,24/07/2023,Processed
01HRVX101G6DTFZCPRYKD4A4N5,01HRVWP9BFTADBKGFB9G0MEHBR,09/04/2023,Processed
01HRVX101HED6GHZ1CM2YTWPS0,01HRVWP99C5ZM3147A85R6RYFR,06/10/2022,Processed
01HRVX101J8Q8HZF9CK7HP2AZ9,01HRVWP95K93807KQ56BFKPWRA,03/09/2023,Cancelled
01HRVX101JXYM8DZ919QQTVA86,01HRVWP97TKPW2GSGQJJ2MVBCQ,14/12/2020,Cancelled
01HRVX101KBC64AZ06V72AFJEY,01HRVWP9ASNXVQMJ4KANQEZYSX,14/07/2023,Cancelled
01HRVX101MDMV41363NG2V2XJ4,01HRVWP99WF0Y0BNRR4K2QA9PN,07/10/2022,Cancelled
01HRVX101N494SV7XC0T48MBQG,01HRVWP994YJMZN7KA5SXEEEG2,04/05/2022,Processed
01HRVX101PHDMRGH3YJPHAHK8Y,01HRVWP97YH89XR5W7ZJ5XN85R,20/03/2020,Processed
01HRVX101QC8TW9P67N9NYFSJ5,01HRVWP9C76QQX8JPPEM6YDTJK,11/03/2020,Cancelled
01HRVX101RTT4QTT42A90BWF64,01HRVWP956Z829NWA0F7Z6RQQ9,09/09/2022,Processed
01HRVX101SAT5BJD4E7HEBAR9J,01HRVWP96F0HRZ7H14VEH99XFC,05/05/2020,Cancelled
01HRVX101TW3SEPVD9CTCXEK8C,01HRVWP96EZ4N5ET3FJ5KBN1NX,08/02/2020,Processed
01HRVX101VQZ1EA8XDKTEJ1PDN,01HRVWP97Z3X04KKY5MDBT8VA5,05/10/2020,Processed
01HRVX0YXQP8A9QKSV4D25KPJX,01HRVWP9A1R5RNE7MM8XD1F891,01/06/2020,Cancelled
01HRVX0ZS8XTFN2MZ12R9JPJXJ,01HRVWP97202PNC5SQR37RSEZA,30/05/2020,Processed
01HRVX0ZYSF8ZMWKPY0PFC08QD,01HRVWP98NXVT2EW23NWK8QCDR,17/07/2022,Cancelled
01HRVX0ZYSMYZR627YGRB6T2H7,01HRVWP95R05H3CMA2NBEJ2XAZ,05/03/2020,Processed
01HRVX0ZYS3RFBEABCRPSZ1SEG,01HRVWP96T1J4E7V7NCFY1EMG1,04/04/2023,Cancelled
01HRVX0ZYTMW7YBHKWKT5MD3Q6,01HRVWP98W7Q1YPP93VJDEYZSF,21/07/2020,Cancelled
01HRVX0ZYTNSXE6KNTJ0TC5FFS,01HRVWP9C8E600FPBCH29663VN,14/07/2020,Cancelled
01HRVX0ZYV9EB2N3FSV8QCARJD,01HRVWP95SN74AFBVYVE9Z3P6Z,19/11/2023,Processed
01HRVX0ZYVTSB0V7NK2P4QAJ7V,01HRVWP97BBZVWMFCTS1MDENQP,15/10/2021,Cancelled
01HRVX0ZYV058Y66KSXDK03NAR,01HRVWP99DGKAA0DVKDV9ZR2ZD,07/06/2023,Cancelled
01HRVX0ZYWJR6QF4HKVTHF2BT0,01HRVWP95DDCVZPQFP16CT88NN,29/02/2020,Processed
01HRVX0ZYWQCMRMJH3NZMPA4AK,01HRVWP96R3A0VTEWPHCR13TF9,09/12/2023,Processed
01HRVX0ZYXC9T7Z745HQXX80S9,01HRVWP963KNTGYW3HGS1JVEJM,26/02/2022,Cancelled
01HRVX0ZYXEDD8DZ6YHETCER0P,01HRVWP92NG36ABH80N44FKRHG,11/03/2023,Processed
01HRVX0ZYYP5WEBZFSTG6GZN22,01HRVWP96GFP91NETX5EHXN5A3,06/06/2022,Cancelled
01HRVX0ZYYZW72EX9YRC6HKJJG,01HRVWP9BHRHN56KJ60WGMMMRE,20/04/2022,Cancelled
01HRVX0ZYYS3MGDV92D3CPM97E,01HRVWP99FJ703BXFD0PNV432Q,16/05/2020,Processed
01HRVX0ZYZ79RJ9M6J7XWG2QR2,01HRVWP98G5P74FSTZP43GDRPP,07/02/2020,Cancelled
01HRVX0ZYZ20W6ACB0VWG4HD6P,01HRVWP95YF1FX6NW2G09VZ2DT,27/04/2020,Cancelled
01HRVX0ZZ0XN6TVB7S71Z00CFV,01HRVWP99YDBDX06SZM0WZ71PT,17/06/2023,Cancelled
01HRVX0ZZ0NNWWDA0QV36NG1SX,01HRVWP979YA3BYPVPJ0RHCDD6,03/11/2020,Processed
01HRVX0ZZ07RV75M40N2115R53,01HRVWP9610GTEY4NT4GK1HA86,29/04/2023,Cancelled
01HRVX0ZZ1QCC9GFSEH0ASB6X8,01HRVWP98XG5BMYWV8BV8T08G6,21/05/2022,Cancelled
01HRVX0ZZ1FWVKH4Y0G34CPFMV,01HRVWP9B54P2QTMJNY01J8Y8S,29/07/2020,Processed
01HRVX0ZZ2HRPJAJPW5HQTZD2B,01HRVWP99SYV73S13Y3F77M8WA,22/11/2020,Cancelled
01HRVX0ZZ2N39BT5FWF1PYM2CF,01HRVWP98SZQ4PQ9XCVHVT8G9R,07/02/2022,Processed
01HRVX0ZZ2GKZSRER4VASJ9D7H,01HRVWP99HK218C3W6G2XB96D4,22/01/2022,Processed
01HRVX0ZZ32AVG7WRJR3TQCFTB,01HRVWP980H9HVEY8RQQPVSJKE,30/07/2022,Processed
01HRVX0ZZ3D5K60GVTD4M2J004,01HRVWP95ABRB8TF7A23BTA5KF,27/10/2023,Cancelled
01HRVX0ZZ3HK0N79N3G0H43TVD,01HRVWP9B75SKSRVZ560BKHZ48,24/05/2023,Cancelled
01HRVX0ZZ45EKC2T1DKYDAWTGH,01HRVWP9CVNDXT0HP49YF3E2ZR,01/03/2022,Processed
01HRVX0YYNKFJ63S0K1A166B9H,01HRVWP9C1394K5RN37NQMC82N,31/07/2022,Processed
01HRVX112EAV17DYPBRXB6VN5M,01HRVWP9AZV2ACE10WZKSGP3ZV,20/04/2023,Processed
01HRVX11DCGQ9VMWZ9SG77D2MD,01HRVWP9AWKF0RSPYPEA8M9XAH,03/03/2021,Cancelled
01HRVX11DC22PXABWBSWASW25Q,01HRVWP98FJXY2QN0D7FJJEET7,29/08/2021,Cancelled
01HRVX11DDY6QZJ0PXN1YTFYDH,01HRVWP979JBKSTVZGWV3TTVZJ,16/08/2020,Processed
01HRVX11DDMJVM9FR8W199BDAB,01HRVWP99QTXW6PAY6QVEJHXMJ,25/10/2021,Cancelled
01HRVX11DDVHESBXN507V7DQSC,01HRVWP956MTEX2B184BS1NWWC,30/12/2022,Cancelled
01HRVX11DEEAVF46T076XRP2QA,01HRVWP9CJR1GGT5S3FKHADP9G,23/04/2020,Cancelled
01HRVX11DEGCJX4NDPAGSQ06BK,01HRVWP9BVAHE3SVW16JVABSHD,14/07/2023,Cancelled
01HRVX11DE3SKKEND97PDYE2YR,01HRVWP95SGT2J2SC8NBGDC840,27/02/2020,Processed
01HRVX11DFJV3A12WWTJFX9MR3,01HRVWP983HAFATE26E5HPP3FV,17/01/2023,Cancelled
01HRVX11DF7ZXG49NX6JPJJAAM,01HRVWP96VT16R0WMCJE6CSBDG,14/02/2022,Processed
01HRVX11DFNMQMEFS5BWE5HA7Y,01HRVWP99NNYCABBAS4RR9EQX1,06/07/2023,Cancelled
01HRVX11DGW6JSHWPAXKCEDZ1C,01HRVWP9A56T0ZT7CBN3GFH4XY,12/04/2021,Cancelled
01HRVX11DGEAZMR2T8XG4VHPDX,01HRVWP97N7EMW5DWSMWE4PFK7,06/02/2022,Cancelled
01HRVX11DG1K8G7K42FESCSZAF,01HRVWP94QS8ZB66XMRR8EF96T,11/05/2021,Processed
01HRVX11DHGVKMXR25QMT44DGC,01HRVWP99HKF26A27C8R7GCYEK,30/10/2023,Cancelled
01HRVX11DH1YJJX2TMJT66ZSMT,01HRVWP971CXE2JYK9A9RJ581N,31/03/2023,Processed
01HRVX11DH41SQK1WJ7X6MYEF3,01HRVWP99FJ703BXFD0PNV432Q,09/11/2021,Cancelled
01HRVX11DJNAT3DFX0S8P0PD56,01HRVWP98WBB8KV3SA3EV6RV58,20/06/2020,Cancelled
01HRVX11DJ7WTNX9X1H2YQSMAC,01HRVWP9C8B4R8AHVF9H779N75,03/03/2023,Cancelled
01HRVX11DJZVWG7BRA7BEDHB8Z,01HRVWP95J3D47DPTNGZQMH9YS,09/10/2022,Processed
01HRVX11DK9GMK6VEVKPCWSA8T,01HRVWP96R920Q132WSRRRBTEK,11/08/2020,Processed
01HRVX11DKYA14KCS38Y5ZYMFZ,01HRVWP96G3DBQTVCDWX54JT27,02/04/2023,Processed
01HRVX11DMC2GS2KY6GWPRC4QK,01HRVWP9ATT1GGDMATWNYYBBRX,26/10/2021,Processed
01HRVX11DM4V4GSVPBRV1WGANH,01HRVWP99W626E1KP0BPQ5HXER,27/08/2021,Processed
01HRVX11DMJ2FP3CHNG4D486J6,01HRVWP9835YN8Y345GMZD2Z05,08/12/2023,Cancelled
01HRVX11DNZFBDYSTS9T4QD8DK,01HRVWP96MN35DWJN654KKBMFJ,23/11/2022,Cancelled
01HRVX11DNFCGSPDVN9EQHBEAS,01HRVWP9ASZTXC9KD1P098JBFM,14/04/2023,Cancelled
01HRVX11DN2FM64ED3Y3MED7P2,01HRVWP9AA9QMKBKQMFCMEGNZJ,16/12/2023,Cancelled
01HRVX11DPAAH5XK40TSZH6TZX,01HRVWP974RJ73RW1Q9EJ2QF3H,08/09/2023,Cancelled
01HRVX0YZRC7TFWQV8XPHFVEHW,01HRVWP98J5J9EPY0RAH8VBY2Z,03/05/2023,Cancelled
01HRVX0ZVAVKV2HM5486C16MTA,01HRVWP9915RKZHJ5VF6KCBFSV,25/12/2022,Processed
01HRVX100WK2H11Q79TR16TES0,01HRVWP9A6PFAHF85KKM9521SF,17/09/2020,Cancelled
01HRVX100WG0KVM7WKMPNBA2JX,01HRVWP9698CZVYN66Y4XP7MQ4,13/08/2020,Processed
01HRVX100XG8EEEN1A6Y8FGTK6,01HRVWP99Q54P779MQ7YM0BTFP,30/11/2023,Cancelled
01HRVX100Y8F56PBXQY0P1G619,01HRVWP96T1J4E7V7NCFY1EMG1,26/10/2020,Cancelled
01HRVX100Y5A34M2WEY1MJEJYJ,01HRVWP99HK218C3W6G2XB96D4,06/06/2020,Cancelled
01HRVX100ZM38TYQM967N9MZPK,01HRVWP953A1H8Y7B9BY7FFZDR,23/08/2020,Processed
01HRVX100Z3847788HW47R6X1Z,01HRVWP9A1RHCGAA01437BJ5B6,02/11/2023,Cancelled
01HRVX1010JMQ7Q5ZCWM80C7FS,01HRVWP962NQHVJ698K2RF19T4,02/04/2022,Processed
01HRVX101152067EM37KYMY9T6,01HRVWP99NZKJQF06HCTAG02Z4,11/03/2021,Cancelled
01HRVX1011YSXMN8ZEG7982PY9,01HRVWP96V27FZ9HXQCJCKBRM9,03/02/2022,Cancelled
01HRVX10129T40N0A5VY8M7BRJ,01HRVWP98W3W5XJ86K81GC5KZ0,02/02/2021,Cancelled
01HRVX10138BC8PWQHH9Q52VFD,01HRVWP96K310CBHM5J4BBFHRM,03/09/2021,Cancelled
01HRVX1014SRZ1YA77ZX7HJ3V9,01HRVWP94Z8B2JBM1RQBMNXTY5,10/12/2023,Processed
01HRVX1014HPGT7S80WH5S18KA,01HRVWP98HBNAZY35R5PZYG6X4,25/06/2023,Cancelled
01HRVX10155T5F47CGGPRS90A4,01HRVWP98J2GQ0JN2GNV63EH7G,16/04/2021,Processed
01HRVX1015GXAY8ZJTNC1FS43E,01HRVWP9C03M83MD5RCA2MT9HM,12/11/2023,Processed
01HRVX1016AASQNPBTXFVZH23F,01HRVWP97FZMGYVNXJT6HHPH2B,17/10/2021,Cancelled
01HRVX1017XC0M0NGX4PES2F84,01HRVWP974J97QN6VRHRP952KR,09/09/2020,Processed
01HRVX10174ZET4DGBR3WKR0W0,01HRVWP95G48TFZ6DN6DNVXAC9,04/06/2023,Processed
01HRVX10181S78ZFPXGG4GEFJY,01HRVWP93XPQG34NKZ1TSGZF61,31/07/2020,Cancelled
01HRVX1018C2TB72CVGH38T2QY,01HRVWP967FBSD1XW9KSHRYWDR,17/11/2022,Cancelled
01HRVX1019R8FP70G354636GK6,01HRVWP96DQ78BJT78S7GHF3CA,10/03/2023,Processed
01HRVX101AC71J9NT67QQKR7ZA,01HRVWP9BX8KJ3ZBZV3K0JD0S8,06/02/2023,Processed
01HRVX101AQH4HA6DRAETJVWZD,01HRVWP94WFMKSQ4PQBEW7ZTNB,19/05/2021,Cancelled
01HRVX101BHDTPM3074FK0J83N,01HRVWP987D79M2E4JW5HJEVWM,16/06/2021,Cancelled
01HRVX101BACGC0EHVE6G9GRP1,01HRVWP95J5EFGG9TSWVYX4WV2,20/01/2021,Cancelled
01HRVX101CSJG5YKQ69YZ2FK2C,01HRVWP97ENHQSVEJ64RA15HZT,01/11/2022,Cancelled
01HRVX101DNX2BZVQ8SW0TTAK7,01HRVWP9B4SZ2TG2AZJNJWXN55,05/06/2020,Processed
01HRVX101D2E2WRJ0PWF6ADWAJ,01HRVWP9BPBH4T5DM2D9Y6NWJS,17/11/2021,Processed
01HRVX0SYD9WFTQ1B5HHDAKVBY,01HRVWP9B7J3K229FFWYT8M55H,02/06/2023,Cancelled
01HRVX0VMAYVP1ZRTFK8HPRQNV,01HRVWP963NZ4AHJE1KW681F7R,08/03/2020,Processed
01HRVX0VZA4TRA73CDR1KDP7VC,01HRVWP97GEY5DBWX9KMFGXWQ9,04/01/2020,Cancelled
01HRVX0VZB4V13DEYEVH4ZY7T6,01HRVWP97N5XZTBN1K1ND9BDZN,24/11/2020,Cancelled
01HRVX0VZCJPE7FE6HGQ25PMWX,01HRVWP94KG9W6J67S6SY34NN5,23/12/2023,Cancelled
01HRVX0VZD7QGTX61G0FWJ97CW,01HRVWP9B75SKSRVZ560BKHZ48,26/11/2021,Processed
01HRVX0VZEDHHEKA3Z4CN7TG50,01HRVWP99RDECHN61MDP1F8S3C,17/02/2021,Processed
01HRVX0VZF7808NBKCAHXYWRDE,01HRVWP96R3A0VTEWPHCR13TF9,18/05/2023,Cancelled
01HRVX0VZG4KMJWBY31C47VN3P,01HRVWP98EK2EX3HDGZ8CGKQ3X,29/10/2020,Cancelled
01HRVX0VZHNQB9KXTKT7426YA7,01HRVWP96TRMCK32FDKZVNRJ8S,21/11/2021,Cancelled
01HRVX0VZJ7D8BSJ37Z016XMJT,01HRVWP9BDMN19QCSF2S21MD58,01/03/2020,Processed
01HRVX0VZK1PR2S25BDDHKZ6H1,01HRVWP99Y98BG1T335HBBTF0V,07/02/2023,Processed
01HRVX0VZM8XS6QQEMM8RY9AY0,01HRVWP95JQG8X3ZBAD868RXRW,09/12/2023,Cancelled
01HRVX0VZN9QA56XHEJ8Z4GK0Z,01HRVWP9BBP3YRFYXQNSJPCBR4,07/01/2022,Cancelled
01HRVX0VZPVKV36MNFK42YQXCA,01HRVWP96PK1TG6T0BN6EZA4V5,24/10/2023,Cancelled
01HRVX0VZQ8SBGKFN9Q8SWFXR1,01HRVWP97GHY2FDP9W1WRVP6Y7,08/10/2023,Cancelled
01HRVX0W7HDDGXW0S404CCSCW3,01HRVWP95G48TFZ6DN6DNVXAC9,14/01/2020,Cancelled
01HRVX0W7JX3X7J1C932KP3PJT,01HRVWP96WYAB13Q6V7M19XF1A,13/12/2021,Cancelled
01HRVX0W7KWJDR4TX02NGN0JVH,01HRVWP9BWNG8V8E3XV0BGW6DM,01/10/2020,Cancelled
01HRVX0W7KSESH6DCQ0Y1S2R1G,01HRVWP96AEFRT7WHXK14AZE15,14/06/2023,Processed
01HRVX0W7KYFN31FATY86KJJX0,01HRVWP9B061FWYV2V55Z5R12Y,19/05/2023,Processed
01HRVX0W7NM0VVXT9QX0JDHK1B,01HRVWP97H5TQTX22V65CE0SS0,10/09/2023,Processed
01HRVX0W7NEEY62GFH2PAKW8YC,01HRVWP95Q06E9HNN2SM85481W,20/02/2023,Cancelled
01HRVX0W7P334AC2XW4QNCDB76,01HRVWP97BWGPC13G0CC2DKQ5F,07/04/2023,Cancelled
01HRVX0W7PWNFYN93WZBW0NS9J,01HRVWP9BWZQ95Z6K3MBCY1CZT,02/03/2023,Processed
01HRVX0W7Q3H0Y8HSEHQR9HM24,01HRVWP97373BJABFT2QXS86NZ,09/10/2023,Processed
01HRVX0W7QPTCNJ5M997RJNJCC,01HRVWP96R920Q132WSRRRBTEK,01/10/2023,Processed
01HRVX0W7QJESP4YWAZCXRWRPP,01HRVWP98M966WYPFEWVSPJQXK,18/12/2022,Cancelled
01HRVX0W7RY9DKA1470YZG7ZT0,01HRVWP99V7CYKC5B49XBR1J3V,06/06/2021,Cancelled
01HRVX0W7RWCG4KQHVGC3KEABJ,01HRVWP9BRVRK8CSQG7WGW4HTH,07/03/2022,Processed
01HRVX0W7SC5SCFRGVJ0V65FH9,01HRVWP954TKG7X49SV6F250HB,03/09/2023,Cancelled
01HRVX0Z8YVAYD30Y16W0616NE,01HRVWP9A95GWR1BV2VPAG3ZZV,03/11/2021,Processed
01HRVX104DW9CT0MAMKBFJKRXF,01HRVWP99XJ3PMX13ENTC8YPGK,02/06/2021,Cancelled
01HRVX10FJ46Z9RCS2H929644Y,01HRVWP9CCP4QGNH48KV9G106E,25/06/2021,Cancelled
01HRVX10FKMNDYY9NAQTRGQX18,01HRVWP9BCVT65G830G2BTADCC,11/04/2021,Cancelled
01HRVX10FKPNRX44TPYW2XGXWP,01HRVWP96ZRVYPDBBN2C0N8W2G,27/12/2021,Cancelled
01HRVX10FM1E7WT4TS0GRRXTK8,01HRVWP97G0M1NQCTSTY6348A7,30/07/2022,Processed
01HRVX10FNAS2J0XR8NP3K9NPF,01HRVWP94ENWD9Z3NCKS7MHR8D,09/08/2020,Cancelled
01HRVX10FP3DTC7TPBTZHVCAWF,01HRVWP96C09C7ZDGS5G2WYGWZ,14/02/2021,Cancelled
01HRVX10FQV9FYMCG8DRGPWCGK,01HRVWP963H946B7ZQRCFW2760,01/01/2022,Processed
01HRVX10FRD9R27D7D21CCT7K5,01HRVWP99SX41ZQ9H5JDJGCY4K,22/07/2022,Cancelled
01HRVX10FSXENY2CT4V5WM6JAK,01HRVWP9C51HRRQD3MJX1EZRAX,17/05/2020,Cancelled
01HRVX10FTC0B7HHPBFD02KN4K,01HRVWP96235617102NZDJ416H,20/08/2020,Processed
01HRVX10FVBBDC9RZ27BXJSTCA,01HRVWP99KMEQ2SHMK2BQER2VZ,12/12/2020,Cancelled
01HRVX10FW27B8SCMCQCX0MPFR,01HRVWP9BS34WM55ZGPQ4QZ4W7,03/09/2021,Processed
01HRVX10FXQQEBV21PX823F0W5,01HRVWP991509J8X75Q9YZSPVC,11/01/2022,Processed
01HRVX10FYR3Z8G0R1XA1ZPHZQ,01HRVWP9C03M83MD5RCA2MT9HM,31/05/2021,Cancelled
01HRVX10FZW1WJHK7GXXY6PABQ,01HRVWP974J97QN6VRHRP952KR,28/10/2022,Processed
01HRVX10G0NT7R3VWT1D9EKBG5,01HRVWP978H2VH0T9PV5V8RJY2,28/04/2022,Processed
01HRVX10G05QKE7E6R0ZJ62T26,01HRVWP994VEBQFDEH5T0Z74H9,29/03/2022,Cancelled
01HRVX10G16S9Z2ENJWHND7E3T,01HRVWP9BAJ3FDBQWJBHS3C6VM,05/05/2023,Processed
01HRVX10G26892TBKPR92NJ8XM,01HRVWP9AT99N9FKCNSGPF8JCQ,27/05/2023,Cancelled
01HRVX10G3W719N037JBRZE0P9,01HRVWP99EWRQ5M0WFVDC9750T,27/07/2020,Processed
01HRVX10G4NBJM9DCH8S65AKPA,01HRVWP98SZQ4PQ9XCVHVT8G9R,23/11/2022,Processed
01HRVX10G50N600C5YJ3Q7571B,01HRVWP9CQ00WXAS9JA0G8DNGV,30/07/2023,Cancelled
01HRVX10G6ZAVAN65FPKSXGJBD,01HRVWP9C8B4R8AHVF9H779N75,26/04/2020,Cancelled
01HRVX10G7ZB42ZAMP2NR7VTHW,01HRVWP9940HXESRRJEGFHNSV5,14/10/2020,Processed
01HRVX10G8QH4T5QEM9S71KPNB,01HRVWP9BPQKEAJ3BC0QFS7FCR,12/05/2023,Processed
01HRVX10G9Z3Y5SSADWJBG4DWF,01HRVWP99QTTY9J1G4YGXZB9JD,30/01/2023,Processed
01HRVX10GACYYK1S27PZAJXE9F,01HRVWP9BE7GY9DN9XBP2ZZ23K,28/02/2023,Cancelled
01HRVX10GBSKY6Z5YEZ626Z8E6,01HRVWP97MMK1G1MNTAJQ3Z4NN,19/07/2021,Processed
01HRVX10GBM5BE2RG80SKHEG6G,01HRVWP9BWNG8V8E3XV0BGW6DM,16/10/2020,Processed
01HRVX0YYWWR0VDGT4NXCX1ATH,01HRVWP98S0ZG1NGES1593VZ7S,05/06/2022,Processed
01HRVX0ZTK5JAB7BWE7G4M9NFX,01HRVWP98DMTK9XJK6G5PF92M4,06/12/2022,Cancelled
01HRVX10033HYEP02MKVXD76D2,01HRVWP97Z3X04KKY5MDBT8VA5,17/04/2021,Processed
01HRVX1004B0F2DKBNADJVAMDG,01HRVWP983QGA2WHP8H3SS0947,22/10/2021,Processed
01HRVX1005NVDK54953DM71WAV,01HRVWP94Y9003DQ34JX11NZ4M,18/12/2020,Processed
01HRVX1006XTZ8FQ2DN3NQ91QV,01HRVWP985TXHH438D097FC777,07/11/2020,Cancelled
01HRVX1007V5K3EN2D3PQ7X1P2,01HRVWP9A6PFAHF85KKM9521SF,12/03/2021,Cancelled
01HRVX1008WQQBHRFRBTR801BV,01HRVWP9AEXPCVGAJ9F15D01BA,25/05/2020,Processed
01HRVX1009CCQ5TYSMWE1V7BAW,01HRVWP95ZE4GQA2Q2N345MBWC,14/06/2023,Processed
01HRVX100AMRTYABDKQ3JDSB1H,01HRVWP97ZVSAST1XETRRD9S5C,15/04/2022,Processed
01HRVX100A9E0BJ9EP3N4BWSEE,01HRVWP988TKNKE70RVV9E65N9,20/01/2020,Processed
01HRVX100NDNF9A57FJRGXSGGP,01HRVWP95PPCBDW9E6CSN2N16E,28/03/2022,Cancelled
01HRVX100PE1W1FEN4ZX2S9YDQ,01HRVWP9AD8A9VE5GYXPEE1BKA,31/01/2022,Processed
01HRVX100Q8MQ69EXKQYE786RW,01HRVWP98KJ4BZNWJKJMCRMGXT,26/07/2022,Cancelled
01HRVX100RGG3ANVWW8PWMMGMH,01HRVWP9CGS3467T7KBN4GRR28,30/08/2020,Cancelled
01HRVX100SS90PFV4CPQ3P4TZA,01HRVWP95DZHT85K56NNDRQEKS,19/04/2023,Cancelled
01HRVX100TD4AT4FP6KJX6S2XQ,01HRVWP96CEG223SH06Q14TXYS,29/10/2021,Processed
01HRVX100VG2XNNAFTQ7RV0YWD,01HRVWP9A8GP4AG13JCBSTFY9W,21/08/2023,Cancelled
01HRVX100WBAGY1XA38459BZ7D,01HRVWP9A6XXW7H5N03C3FAMVY,22/06/2022,Processed
01HRVX100XQ45P64ZVY6R6VPK7,01HRVWP98SZQ4PQ9XCVHVT8G9R,04/01/2023,Processed
01HRVX100Y54V9FZD7H03JEA5H,01HRVWP98652M10NCMMTSE58R6,11/11/2020,Cancelled
01HRVX100Z888RWT0G18MBKRJQ,01HRVWP98GTQEJNGSN62ZWENVC,04/03/2023,Cancelled
01HRVX10102085HA7AS1HC3D4S,01HRVWP95MC05FD2VK5BJXWEMN,23/03/2020,Processed
01HRVX1011QZHGNTJHSHQB7B3M,01HRVWP94ZVZF1S43B39PA9ZFJ,10/11/2023,Cancelled
01HRVX1012WFAVGJTFDCR3RD4W,01HRVWP9698CZVYN66Y4XP7MQ4,20/10/2021,Cancelled
01HRVX1013BD07BNPCQYZNMQRP,01HRVWP95JQG8X3ZBAD868RXRW,11/07/2020,Processed
01HRVX1014D0K6TKCCZ5HRPWHN,01HRVWP9768RAK1V3GBYK3XSB5,27/12/2022,Processed
01HRVX1015ZWYZ7ZVNMC8DJKT7,01HRVWP9ASZTXC9KD1P098JBFM,31/01/2021,Cancelled
01HRVX1016H4C1V04XBCMEDGBS,01HRVWP99FWBX74K5BGPW6CAEN,17/02/2022,Processed
01HRVX1016T6WD4RF41YDTA48M,01HRVWP95Q3FKD4B4F1CSJTSKZ,23/10/2020,Cancelled
01HRVX1017KV174VZ8VYJ5H0NF,01HRVWP95WDR6XMVMG9Y8CTR6E,15/12/2021,Cancelled
01HRVX0SYYQ7NBYJY1FGE801R4,01HRVWP99CMJ5KD591ZZNDN1CT,11/06/2020,Cancelled
01HRVX0VMP1A18R36VFYQNCTN2,01HRVWP97Z718NSY1K2M329ES1,20/01/2022,Cancelled
01HRVX0VZNEVDCRJCQQZ2V5DVQ,01HRVWP98DX2GHK440TRE3H6QX,26/09/2022,Processed
01HRVX0VZPJ5KWPFQ7B6AFG7KM,01HRVWP9BZ3Z9E556N2V3NTJ3X,05/07/2023,Cancelled
01HRVX0VZQKTSNQRV8C9MPK3RZ,01HRVWP981HEQ9P7R0QAYK8RWB,07/12/2022,Cancelled
01HRVX0VZRS6XQY0A2Z7FPYDHE,01HRVWP95PTY4TFXGC0FDBCD22,04/06/2023,Processed
01HRVX0VZSGZB3A32WXWX5JAEN,01HRVWP95SGT2J2SC8NBGDC840,26/11/2021,Processed
01HRVX0VZTQFGCBHWZ4WZKEP85,01HRVWP967CW4JF9E5BYZ6YQEV,05/09/2021,Cancelled
01HRVX0VZVWW18K5DND9F22Y9H,01HRVWP98B46Q19YM6KAGEA6XS,23/01/2022,Processed
01HRVX0VZW8KPFBS6KVW5DEMF3,01HRVWP99GV6YVY8SS9KZF5NCS,30/03/2022,Cancelled
01HRVX0VZXVZ3VR6KC91DKCFD6,01HRVWP92ZET9XY4DGN9P58M9D,12/07/2021,Cancelled
01HRVX0VZY76V4SX7CCWBPAX9E,01HRVWP97V84QN7Z4TWEF9GESN,29/07/2020,Cancelled
01HRVX0VZZ9EMNMMHHD5XPJGDE,01HRVWP9C22AFTK1HP5VZDQ4P4,05/08/2022,Processed
01HRVX0VZZMV92JRRRVRSNEP9S,01HRVWP95CCW998AN0B7R1TX6M,22/09/2021,Cancelled
01HRVX0W001W7G45R5RRV1EGQY,01HRVWP96YJ2YCH41GVS47W2QF,30/05/2022,Processed
01HRVX0W01FPSX2DCGNTJ2PCD9,01HRVWP9BN1RNMN2G91BSEKREZ,27/02/2022,Processed
01HRVX0W029AKCFPT2EYBDSGC7,01HRVWP96TAERTRD125QT48X45,08/11/2021,Processed
01HRVX0W03XQNQNFBG7C12AJG8,01HRVWP9ANG36MFKQX198P2MCJ,21/02/2022,Processed
01HRVX0W04EW9W15TP8MCPJNWS,01HRVWP952GD370N066YEKXSDN,10/08/2020,Cancelled
01HRVX0W053VM1GHQ5AC2CTMV6,01HRVWP997QDKEE6MGJA5RGX2K,25/11/2023,Processed
01HRVX0W06Q7MSAMKT5XT79427,01HRVWP99WF0Y0BNRR4K2QA9PN,04/09/2022,Cancelled
01HRVX0W07SVP0WW92V6S8EFNE,01HRVWP9B679VCVQD9B0FV0SKR,15/07/2022,Cancelled
01HRVX0W07B19HK618VQ5JT6GW,01HRVWP952JT4G86PNXF8EJ5Q6,07/12/2020,Processed
01HRVX0W085EVTMQ0MXNZ6PW5J,01HRVWP9857RSQJ27Q397YW85T,03/12/2023,Cancelled
01HRVX0W09KVR926JT1783SZSM,01HRVWP97MWFHNEW5QRJKQKABM,25/04/2023,Cancelled
01HRVX0W0A8QT0VRCMA0Q21054,01HRVWP9BF80JZGDFGN8TMY2N9,06/07/2020,Cancelled
01HRVX0W0BT3H12167CGHFCKDK,01HRVWP9A4E4YWHZC708ECZ98S,25/03/2020,Processed
01HRVX0W0C9FPFG5KXDEK073VP,01HRVWPAH6B14MHW59DB453FBF,27/05/2020,Cancelled
01HRVX0W0D7TWB0ARA3ESDB7NF,01HRVWP994RWZF7VYFJ33VCBER,05/12/2020,Cancelled
01HRVX0W0E5PJE0M18520FX2QY,01HRVWP9AFK5T37KRAVFSG3FD3,29/05/2023,Cancelled
01HRVX0W0FBS1BG4MM6QEEFNC9,01HRVWP95XQWB4G5FJBF9388NS,13/12/2023,Processed
01HRVX0Z0H9AFGTDNKETZQCTTS,01HRVWP9AA0CRA9PHY1ZEJRXGN,07/12/2020,Cancelled
01HRVX0ZWZYMK8XA27YBBY1Z0Z,01HRVWP968756K069Y8NVZE0M3,31/01/2023,Cancelled
01HRVX102J1XXC5R2537AJGG10,01HRVWP970RATQXD8JMZ3ZW0QQ,10/10/2021,Cancelled
01HRVX102KHVNASSKR2J4YY668,01HRVWP98AE4QY4SZ1KMSVDMXV,23/06/2020,Cancelled
01HRVX102MWK7M0WQSR4Z3E9QV,01HRVWP9CQ00WXAS9JA0G8DNGV,20/08/2020,Processed
01HRVX102NH7YKWGPFTTT4SB6C,01HRVWP97XGZC68KRHFHXZPM22,29/08/2021,Processed
01HRVX102PSGKXHVKQF3VCRMZ5,01HRVWP98G5P74FSTZP43GDRPP,22/08/2021,Processed
01HRVX102Q7CTP74QT67JX0RX3,01HRVWP9C583NJ73M6286H0P7B,07/05/2022,Cancelled
01HRVX102RNMF3VA3ED0PKXENB,01HRVWP99W626E1KP0BPQ5HXER,17/09/2023,Processed
01HRVX102S9NX0ND17YSR412BA,01HRVWP99ZA802HMSKD9WZB9KP,16/10/2023,Processed
01HRVX102TNTKA4Y8PY2RVJK0E,01HRVWP958YVYX72J3JHJSN94X,23/04/2020,Cancelled
01HRVX1030FVVVH52B9JEB64ED,01HRVWP99DGKAA0DVKDV9ZR2ZD,13/01/2022,Cancelled
01HRVX1031776VZ1SV88YVF9XQ,01HRVWP98M295FQBQ0QW2FB6WY,30/12/2020,Processed
01HRVX1031N3W91WJ6MD5DG5ZN,01HRVWP99DTYCSD24TNAC6SZ3K,17/01/2020,Processed
01HRVX1032P51QB0VPRBD227R7,01HRVWP984CWBNAKZ27KD46GBA,26/07/2023,Processed
01HRVX1033S5Y7DB1GT9XSDT48,01HRVWP9AXY2KAJT1JET280Q62,30/08/2021,Processed
01HRVX1034PT5R4NGRE289SBXV,01HRVWP97202PNC5SQR37RSEZA,17/01/2021,Processed
01HRVX1035JF9KKZMH1QXGXTEH,01HRVWP99Q54P779MQ7YM0BTFP,14/07/2022,Processed
01HRVX1036SZD0D857HS2GW8AG,01HRVWP97PTGT28DBM8P6BPW8X,11/05/2020,Processed
01HRVX1036CKWJES23G1QYRSA5,01HRVWP94EDVSHZM07FACZJES4,24/05/2022,Processed
01HRVX10370FF4AW2SNNAW5EQB,01HRVWP96NW8NE8PBY7N8B70YM,26/03/2020,Processed
01HRVX1038WY6FDG95KD30JSPS,01HRVWP94WC24W84EMZ662DBHT,29/09/2023,Cancelled
01HRVX1039CTC2YPCE2H9RSXEV,01HRVWP98SV8HG9ZV6C6AS2BEW,02/03/2020,Cancelled
01HRVX103A8RNGJSE8G7PWYZ5B,01HRVWP99MZQDQBS6416G061PC,07/06/2022,Cancelled
01HRVX103BMP1B5HG4A7KRFE7F,01HRVWP99E8NN8QSP5MHM10SHZ,25/01/2020,Cancelled
01HRVX103CP91RHXDZP26AFB9J,01HRVWP97SJZDP5C1079019T08,25/01/2022,Processed
01HRVX103DPF2RABT37AKZZ8MR,01HRVWP9609YHXGH6FFGGP1B04,29/07/2023,Cancelled
01HRVX103E47DX9BNNX0X831VR,01HRVWP975J3NVMDQYQR4SZYBV,02/05/2022,Cancelled
01HRVX103F261HRHCCMVD97GC1,01HRVWP9BZ3Z9E556N2V3NTJ3X,01/01/2020,Cancelled
01HRVX103F739DH9X865T2CSZW,01HRVWP99TQ79V4MV4N87Q59TK,22/06/2020,Cancelled
01HRVX103GA6SEE3MXVM9EAMV3,01HRVWP9BQE4YQ952X4214GGW4,06/11/2022,Cancelled
01HRVX0SZQ5MQ82J1AJ63B5QXD,01HRVWP9BJJ9SM7F67V3N50C24,06/05/2020,Cancelled
01HRVX0VJFCNB4CZZV9G3GXJQR,01HRVWP9CARFNSJENY0C2ZD1RR,12/08/2020,Processed
01HRVX0VXGKC9Z9T6KHH4882KZ,01HRVWP981HEQ9P7R0QAYK8RWB,04/01/2023,Processed
01HRVX0VXHKHK7G7FD8YV76ZBX,01HRVWP97EC1MXT0H8DZ0STQ1J,19/11/2021,Processed
01HRVX0VXJDB64F1VB048ZMWAN,01HRVWP96AEFRT7WHXK14AZE15,09/01/2020,Processed
01HRVX0VXK7K7HQC0NSFGS7PWQ,01HRVWP98W0DFE7Q2RWFR4ZT1W,08/08/2022,Processed
01HRVX0VXMTXVC0TD8CYK0H9QB,01HRVWP99Y98BG1T335HBBTF0V,05/06/2023,Processed
01HRVX0VXN631TWRK8WQ0JRWPR,01HRVWP99RFENHQFXS3DE737QB,03/12/2023,Processed
01HRVX0VXP5H3DFRW6P4KZ5S3F,01HRVWP98SV8HG9ZV6C6AS2BEW,26/06/2021,Cancelled
01HRVX0VXQ8WS62DD0AFQ2G9TV,01HRVWP96TR4TTE4R25XM0PSFY,04/09/2023,Processed
01HRVX0VXR8NXEHSFYPW3B3AYK,01HRVWP98SZQ4PQ9XCVHVT8G9R,28/09/2022,Cancelled
01HRVX0VXSAY4QFVQ2Z3W12H7Y,01HRVWP97G8K6FK5RA4P2HTRND,30/10/2021,Cancelled
01HRVX0VXTN0P6QNTSJ2YR80CD,01HRVWP9ANG36MFKQX198P2MCJ,20/04/2021,Processed
01HRVX0VXV6A43P79S3PAEFNGT,01HRVWP97BRSNEHGR8CARJRQ7Z,19/09/2023,Cancelled
01HRVX0VXWHBTTX99P8G6B4D8A,01HRVWP9AZ5F672R3934DWQXNK,24/01/2020,Cancelled
01HRVX0VXXAJ6RSX30HA5B9SDE,01HRVWP98JQ02Z0WWC4E7A3WC4,19/11/2022,Processed
01HRVX0VXY8ACJPC4TS5YT2PHE,01HRVWP99QBEDN9DXKR3DBYAKV,09/12/2020,Cancelled
01HRVX0VXYVDPHVBN6WDWE9N6W,01HRVWP96R3A0VTEWPHCR13TF9,11/01/2023,Cancelled
01HRVX0VXZ2GPMP67B1VQKS8MZ,01HRVWP98QQDEBEN0S8S4R6NEY,03/05/2022,Processed
01HRVX0VY0J0Y2GCS53YGMGR13,01HRVWP95AVY4DBQMQ83WYJD1V,16/04/2023,Cancelled
01HRVX0VY16KR2QF94XYHP9AGQ,01HRVWP9BZ0AT43458PNMXKP5P,23/09/2020,Cancelled
01HRVX0VY2GNE2DCJ8NGJZNP7J,01HRVWP97BQ38W3ZWADNN3C7XZ,30/05/2022,Processed
01HRVX0VY3XTXFXGX93TDHXFR5,01HRVWP99QE4C4G0YYJ82FT87Z,22/05/2021,Processed
01HRVX0VY4TR2KZW4Y2K8TGJ3A,01HRVWP95Q06E9HNN2SM85481W,05/09/2022,Cancelled
01HRVX0VY5DCSAC1A0C51HNKZD,01HRVWP97113CF63J8WM3JQEVJ,11/04/2020,Cancelled
01HRVX0VY6VRM8GZ0V2D2EXMK5,01HRVWP963W44X8B7B1WZGWTBW,05/06/2023,Processed
01HRVX0VY7RM8YDQ801T3T3MFY,01HRVWP95CCTZWFVS5CGVREEK9,06/09/2023,Processed
01HRVX0VY71VEF8HG0T8TMTYXZ,01HRVWP94FV0RZ7NTSMPVMCPZG,26/03/2022,Cancelled
01HRVX0VY8668DM4KAJJ9R7K40,01HRVWP96XTAD8CH35PRK1HW0Z,16/02/2023,Cancelled
01HRVX0VY9RYEYTN9W28WC8Z8W,01HRVWP961W8VCJ4933PGQRGWF,01/06/2020,Processed
01HRVX0VYAPPK1BEBQXPY7177Y,01HRVWP99KFKNN4T852N0S8VRN,29/04/2022,Processed
01HRVX0SZF16YXRW8XSDQ8QJZN,01HRVWP94G0XCXBP29D24DCMJF,25/12/2023,Cancelled
01HRVX0VJDRYZNHMQR8WWY1MTP,01HRVWP976FWEHE1MVXQ2S68HZ,04/01/2023,Cancelled
01HRVX0VXEFVFCQEASD7CZ01DN,01HRVWP9AS7SC5NTNMVGQDHNF8,30/05/2020,Cancelled
01HRVX0VXFWWFDFT9CGY1DZGA1,01HRVWP99MZQDQBS6416G061PC,10/04/2021,Cancelled
01HRVX0VXGQJFMCK05N57NQK06,01HRVWP98WBB8KV3SA3EV6RV58,16/01/2023,Cancelled
01HRVX0VXHE0C3ZG669FJXGG3E,01HRVWP99JZ0SK2W04K1RJDC2F,27/02/2022,Cancelled
01HRVX0VXH15D1KCJ0AM8M4T6W,01HRVWP97XJ0QN442DFT8XBSXG,29/07/2020,Cancelled
01HRVX0VXJ2WH8Q8J5DFRTQJWF,01HRVWP97ZDENH0A3343YC9HW9,05/11/2020,Cancelled
01HRVX0VXKR5JJ83T52RNDB4SH,01HRVWP97HTAC2ARTSXHFGFM55,05/12/2021,Processed
01HRVX0VXMBFM3ZG5535TE9TSV,01HRVWP95TYWK02CF39BFX8JDT,08/09/2021,Cancelled
01HRVX0VXN1YRJZC8EY0Z54QEE,01HRVWP98WPN5Q9VZTNWY3TWP9,14/05/2022,Cancelled
01HRVX0VXPYQJWC66GC0KQ2TZV,01HRVWP96PK1TG6T0BN6EZA4V5,21/07/2020,Processed
01HRVX0VXQ9XD5DCY7BT2W9W3Y,01HRVWP95G63J5JEVFEGQXGM31,28/04/2023,Processed
01HRVX0VXQWSHF5Q0S6BC8SD82,01HRVWP9B4825ZK8BAJ5XBXJZN,10/10/2023,Cancelled
01HRVX0VXRDQ9FF7J9AA2W2CNT,01HRVWP9BG86V2VY2674X41BBE,28/10/2021,Cancelled
01HRVX0VXSH6V3DN4QFY1MY32F,01HRVWP997RHR7WF07S7XG1K9Y,18/08/2023,Processed
01HRVX0VXT4RNZ390R5AKDNZNR,01HRVWP994RWZF7VYFJ33VCBER,09/10/2020,Cancelled
01HRVX0VXWRMMPB65JTV7RC4QK,01HRVWP963NZ4AHJE1KW681F7R,02/10/2021,Cancelled
01HRVX0VXX760GXCSMV17AWDGX,01HRVWP94S67W9MFS4MNEVM5T9,06/11/2023,Processed
01HRVX0VXYAF2N4ESWCMXRDBWJ,01HRVWP96TRMCK32FDKZVNRJ8S,05/11/2020,Cancelled
01HRVX0VY09FBDPGCYK549F597,01HRVWP94SX9MHCB9VQ2HMZ1KF,19/10/2021,Processed
01HRVX0VY1FWGX3VYJT1ME2EGR,01HRVWP93HHSH929NZBTW18JKZ,22/04/2023,Processed
01HRVX0VY2Y4TMF3Q5ZSKKP8CV,01HRVWP953A1H8Y7B9BY7FFZDR,18/02/2022,Cancelled
01HRVX0VY4VV51CHGREN075JY6,01HRVWP9B1B2EHHSR36WQDJ5R1,10/01/2021,Processed
01HRVX0VY5311GNWF58374XNWJ,01HRVWP96AEFRT7WHXK14AZE15,21/10/2020,Processed
01HRVX0VY7F0B06Z1DJVBBBYG3,01HRVWP993GRNZ243X9VXSJFD5,21/06/2023,Cancelled
01HRVX0VY84VMDQKV3DHM1ZFCQ,01HRVWP97ZZP8BWN7K2XZ5CB0E,28/01/2020,Cancelled
01HRVX0VY9M2HCB6VQRZKEX8VP,01HRVWP9ARG3HMT2JW352V21MN,26/03/2022,Processed
01HRVX0VYB79M2SV8P1239C214,01HRVWP99NNYCABBAS4RR9EQX1,23/07/2021,Cancelled
01HRVX0VYCJV7NV1DSA30B9AWX,01HRVWP96HWHC995MB4VT3RVC7,14/07/2020,Processed
01HRVX0VYDYTCRRFCZTF4WG01G,01HRVWP9AQ4VSGRWQ5DYGMZ1EK,22/10/2022,Processed
01HRVX0T02JJBE7RPA71EJ9815,01HRVWP94WC24W84EMZ662DBHT,01/07/2020,Cancelled
01HRVX0VJVY0GF4XZWH4CF0Z2S,01HRVWP98DMTK9XJK6G5PF92M4,01/07/2022,Cancelled
01HRVX0VXX0BCCAF0W0W9XJJHG,01HRVWP96ZAZQ9NZP5YRAY5RKR,25/01/2023,Cancelled
01HRVX0VXYAKW72ZFMSH1M11J5,01HRVWP97XGZC68KRHFHXZPM22,08/10/2020,Processed
01HRVX0VXZ6D1KCS7D6TKWZ7MA,01HRVWP9AVQS6R43YNTF0ASJWM,26/06/2020,Cancelled
01HRVX0VXZYAZK9D1T48QD95VD,01HRVWP95NYFVQCY37R3FKNRB0,22/05/2022,Processed
01HRVX0VY0H8N02YRC0FAS6TMZ,01HRVWP95VWQD31WRBAYW9T4AQ,28/01/2022,Processed
01HRVX0VY1JVP3YZC43BY4QK4S,01HRVWP99Q54P779MQ7YM0BTFP,01/12/2023,Cancelled
01HRVX0VY2QR7ZVADWN3Y0CJA4,01HRVWP98GTQEJNGSN62ZWENVC,11/08/2023,Processed
01HRVX0VY340HJ35STAHGNX2AG,01HRVWP98DMN5ACHEKZSYK6TA9,31/01/2021,Cancelled
01HRVX0VY4XF6VX324A9KZTDDC,01HRVWP96Y6JDP6PGXT9A3013X,31/07/2021,Processed
01HRVX0VY5YNEKVHA5GFSNYJER,01HRVWP984ZYB8PQ0V64Z181YX,14/05/2020,Processed
01HRVX0VY5EZ64T744X24BQRS8,01HRVWP96QFPC3V768BTWBZP4X,30/09/2023,Cancelled
01HRVX0VY6KQWQ9AQW0CC2X0B3,01HRVWP9C931VDHQS2EGDF93CG,26/02/2021,Cancelled
01HRVX0VY763ST78WGHYQ9780F,01HRVWP9BNBK568MQGRA4GMT8Y,14/06/2020,Processed
01HRVX0VY8776399VWY221Q8G6,01HRVWP93Y9HAMEQGJN66RG19Z,19/02/2022,Processed
01HRVX0VY93JBV1CBY4C2TK6CA,01HRVWP9926JB2SEEZQ3A22KWY,25/05/2020,Processed
01HRVX0VYA3FKYQ956RQ1CXFCJ,01HRVWP97BBZVWMFCTS1MDENQP,09/02/2022,Processed
01HRVX0VYBMQAT6S4PBPGBQCSY,01HRVWP99MNCSNKVFH8CMEEHNA,29/07/2022,Processed
01HRVX0VYBTF9JW5Z7VZS4PRV2,01HRVWP99Z5QXFCTS82SVZXBR2,12/09/2021,Cancelled
01HRVX0VYC7RKW3YZ3FNVA7W18,01HRVWP982XZYA4ZSXMKW4P2C2,15/08/2021,Processed
01HRVX0VYD153T7CE6SV0MAB1C,01HRVWP98A2J4524Q2SZRQYFBN,24/05/2023,Processed
01HRVX0VYEACM6GNMJKESC90SS,01HRVWP9584YX3GEFV05BB53J1,27/03/2023,Cancelled
01HRVX0VYF1J2Z6JPM1E4CXK0E,01HRVWP96XTAD8CH35PRK1HW0Z,20/07/2021,Processed
01HRVX0VYGJN0AWTQTF5313SEM,01HRVWP955TVN23MR5H0PTJHZQ,02/04/2020,Cancelled
01HRVX0VYGTS7FB2PZ4A4F1H4A,01HRVWP94BCK002FQZDN5EA179,22/12/2022,Processed
01HRVX0VYHXH0SHDNY46B889WT,01HRVWP99RFENHQFXS3DE737QB,14/12/2020,Processed
01HRVX0VYJ3JH9WK2EWK8F4YTD,01HRVWP98B46Q19YM6KAGEA6XS,04/01/2021,Processed
01HRVX0VYKYY4Q5VHRD553TVGS,01HRVWP9A6XXW7H5N03C3FAMVY,17/02/2020,Processed
01HRVX0VYMC4K8GQ4CGG6AEQMZ,01HRVWP9AX9P5BV1S854WB06HA,16/08/2023,Cancelled
01HRVX0VYNCZ55ZCDXK7J1HKB2,01HRVWP9BK0JR7TYNYVV3BA31J,31/12/2022,Processed
01HRVX0Z0327D6B6B5TAWK3RMV,01HRVWP99DGKAA0DVKDV9ZR2ZD,25/01/2020,Processed
01HRVX0ZVE5GWDTQAHXHMXK7PN,01HRVWP98B46Q19YM6KAGEA6XS,21/01/2022,Processed
01HRVX1010HH5X765A76NC08YN,01HRVWP9A1Z5RWTVY2Y6WCCKE8,22/07/2021,Cancelled
01HRVX1011RH5M2WDT7CWCP72G,01HRVWP98AWYHB9T9708FKQJCE,23/02/2022,Processed
01HRVX10125CD8CMG4NGG3Q9YA,01HRVWP9BPBH4T5DM2D9Y6NWJS,25/06/2022,Processed
01HRVX1013BWA4G2A901VYWADC,01HRVWP9B679VCVQD9B0FV0SKR,05/07/2021,Processed
01HRVX1014GMFC9CC186FNCM5P,01HRVWP9A0JF7VGHVX0WVP6P1M,01/03/2022,Cancelled
01HRVX1014X1Z1167AP2TC20K0,01HRVWP99CMJ5KD591ZZNDN1CT,25/03/2022,Processed
01HRVX1015EY0KE3CJZN9C8SDC,01HRVWP9950DFMXC8CM6EAAEWD,16/09/2022,Cancelled
01HRVX1016425012RTKXS4E3NC,01HRVWP98FJXY2QN0D7FJJEET7,14/10/2022,Processed
01HRVX1017JR29HMB6MSNTX075,01HRVWP956MTEX2B184BS1NWWC,01/03/2021,Processed
01HRVX1019C1KXD0JJF3F2FQ8Q,01HRVWP998HSYXS3K87HTKRKCY,13/05/2022,Cancelled
01HRVX101AJ8K24N1C4J5CVBM1,01HRVWP9B3SPBVXHVE1DXH25ZS,05/04/2023,Processed
01HRVX101A2N1P3MMDJHCPNJNY,01HRVWP9CSPV205BSXB42G0RZ5,24/12/2021,Processed
01HRVX101BV8VVYPCDZWV97BC4,01HRVWP957G4ET437QPYF424F8,26/11/2022,Processed
01HRVX101CCQCCXW6JP3X595D3,01HRVWP978CERAAEFSD4033KZE,18/09/2023,Cancelled
01HRVX101DGPW9CY2JX4ADPZBM,01HRVWP98S0ZG1NGES1593VZ7S,22/12/2022,Processed
01HRVX101E495S882SMQ1A58KH,01HRVWP96K5699BCMMWP6MBA19,30/10/2023,Processed
01HRVX101F63NNV3HRP2FTKA5K,01HRVWP98F3HMH9GPCQ1DE19ZH,07/11/2021,Processed
01HRVX101G35S97WEJC4R8M34N,01HRVWP97TV3J901ZKBJG3VYQN,03/09/2023,Cancelled
01HRVX101HJ5R9Z4ZJ08P27X2P,01HRVWP99CBFHXD6QQM82K5FG0,27/09/2020,Processed
01HRVX101J0HNT5AKFTQKXQ3G9,01HRVWP96V27FZ9HXQCJCKBRM9,23/05/2021,Processed
01HRVX101KNVKFKB7G5XB8GM7W,01HRVWP9A062C8FRFSCQWWGK9N,12/09/2020,Cancelled
01HRVX101MYP91VQM53Z1PH3NX,01HRVWP95ES7Z17GVR0323HS3G,28/06/2022,Processed
01HRVX101PR5S1C4N8515X2JQ4,01HRVWP95MZFHM40SFR4YZ4VWG,06/10/2021,Processed
01HRVX101QD6N41XPQ0GFF2WN4,01HRVWP98B3PPFZ3BBEH4B0SKB,11/10/2020,Cancelled
01HRVX101R503ZMSJA6B4MJJA7,01HRVWP99JAWCM0829K5FE37DT,23/02/2023,Processed
01HRVX101S90EXN64X7V7XW7YC,01HRVWP9B33DCXP9ZGW9BSRN7F,22/01/2023,Cancelled
01HRVX101TWM5SEACW0VSPP5C7,01HRVWP94QS8ZB66XMRR8EF96T,17/03/2023,Processed
01HRVX101VZFV6J3NYQKN8JW2Q,01HRVWP9BWZQ95Z6K3MBCY1CZT,26/10/2020,Cancelled
01HRVX101W59W40J9P6TDFEE66,01HRVWP92ZET9XY4DGN9P58M9D,07/02/2020,Cancelled
01HRVX0SZXQYTCMPEE3CY5GZH4,01HRVWP9768RAK1V3GBYK3XSB5,28/05/2021,Cancelled
01HRVX0VJE9W4EDWC37BW64FCQ,01HRVWP98ZDY6Z0FWPW67A1XEG,25/10/2020,Cancelled
01HRVX0VXCS77JARD6WM6XHQ26,01HRVWP97E3KC7TWQK2PX372VT,06/11/2022,Processed
01HRVX0VXDYXEWKSTPQ822NGWM,01HRVWP997RHR7WF07S7XG1K9Y,29/07/2022,Processed
01HRVX0VXEQWEC7VE3DMV092D5,01HRVWP9C6M3AF24DB1TM0FYFP,30/10/2020,Cancelled
01HRVX0VXFC97F8STRQRB82E75,01HRVWP997VJE7Y83H36MZKC4X,06/07/2023,Cancelled
01HRVX0VXGC0DE9224160D609T,01HRVWP95PM02FRX3KXSWK09A8,08/10/2020,Processed
01HRVX0VXGX5R8TZ5XVFBY4CGX,01HRVWP97TQVQ6RDJNG4MK8SB6,23/03/2023,Processed
01HRVX0VXH57B51QD17DMX0WJV,01HRVWP99PR8RQE5QV08EVNBHV,16/10/2022,Processed
01HRVX0VXJHQ28ANRFZSRSWMD6,01HRVWP97TKPW2GSGQJJ2MVBCQ,27/10/2022,Cancelled
01HRVX0VXK2QN1YGSSRN1K19M9,01HRVWP96G3DBQTVCDWX54JT27,14/01/2023,Cancelled
01HRVX0VXQCAWPG87VYG9ZCBH5,01HRVWP96CEG223SH06Q14TXYS,28/07/2020,Processed
01HRVX0VXRV43ZX6W4R2578X64,01HRVWP97BQ38W3ZWADNN3C7XZ,30/05/2022,Cancelled
01HRVX0VXRRAYR6YHN1RNW8Z18,01HRVWP976XKZJPX7ND2TNS070,24/02/2022,Cancelled
01HRVX0VXSQ2AHYCG7K1QWCZ9P,01HRVWP9C7FVZVT69PSHKKBRGQ,26/03/2020,Processed
01HRVX0VXT8RH75EM26KJFERHF,01HRVWP996ZNC5XEZZX7PQMA36,22/10/2022,Cancelled
01HRVX0VXVJ8GJV5AH4A17MBCV,01HRVWP9BSTKFAA93YAZ8HQ1T7,30/11/2021,Cancelled
01HRVX0VXWX21RYB6XSQY14XDE,01HRVWP95J5EFGG9TSWVYX4WV2,14/06/2021,Processed
01HRVX0VXXWRX8R4EZYKNT5MEJ,01HRVWP9CA4J5Z1FPCNE421G1R,06/10/2023,Processed
01HRVX0VXYSH60GFA2XB3Y9EZJ,01HRVWP9A87MP8BFE9KB4ZXXXK,23/12/2022,Processed
01HRVX0VXZF071DRCKYSJRYQP7,01HRVWP97M7C6E6F3EKPEK4718,09/05/2020,Cancelled
01HRVX0VXZV4PJ8S0XSZYDRYBF,01HRVWP98KGF8ZT77V15ZHV1SZ,14/06/2020,Processed
01HRVX0VY06S9BNM16RXVZ9CVB,01HRVWP967FBSD1XW9KSHRYWDR,27/12/2021,Processed
01HRVX0VY16EQD1KJFEWSBBSKM,01HRVWP98A2J4524Q2SZRQYFBN,19/12/2020,Processed
01HRVX0VY27WWCW7MK9FVVSE3Q,01HRVWP98M966WYPFEWVSPJQXK,10/06/2023,Processed
01HRVX0VY3HXMD7FFQKT1EC16E,01HRVWP9A0041YWFMZ9ZCN4D8W,08/06/2022,Processed
01HRVX0VY35EEFXNXAJJCKDNCD,01HRVWP98XE9P8HE81K7MQVDP8,29/10/2022,Processed
01HRVX0VY495090SNWBNW6Y2AC,01HRVWP96TVY2NJV5AKN4Q1GXT,18/04/2021,Cancelled
01HRVX0VY5TT9AE0PCX9GWJH9Z,01HRVWP98HJE9N76W7F6DRV33K,02/03/2022,Cancelled
01HRVX0VY6P6E6CB9TVW17TWYK,01HRVWP983T6WBKFAK7MR2Q79R,08/06/2020,Cancelled
01HRVX0VY71W5MNKTKZ6JCG7HZ,01HRVWP98EKFCTMHSBYGEXD50C,29/06/2020,Cancelled
01HRVX0Z32YBMQSGKEEXFEHF4C,01HRVWP988QW79BJHG9W0TX5XM,11/09/2021,Cancelled
01HRVX0ZYHTW01RZRTJD66X8DC,01HRVWP95WH1P7VMYEC5CKD387,21/11/2023,Cancelled
01HRVX1044VWP04JJC7XP0Y1TK,01HRVWP9AA9QMKBKQMFCMEGNZJ,21/06/2022,Cancelled
01HRVX10456AWF8GM3BS128ZBZ,01HRVWP9BRVRK8CSQG7WGW4HTH,12/11/2022,Cancelled
01HRVX1046E5R1NS8NJZZTNM4S,01HRVWP9BJRN87GKM5ZKD35WNB,06/12/2023,Cancelled
01HRVX1047A5KKN8EK9W7DWTKM,01HRVWP9AGZQS5DDMV5B32XP0R,25/02/2020,Processed
01HRVX10488AG33Y7Y9MXDHFVZ,01HRVWP95MQFECM276JBYK34QJ,06/12/2023,Cancelled
01HRVX1049EWVSHCJFN1QPDW92,01HRVWP97N5XZTBN1K1ND9BDZN,18/09/2021,Processed
01HRVX104AD669PPSTJMGGMGNP,01HRVWP95RVB7X9W9X2ZGEK54N,06/02/2020,Cancelled
01HRVX104BFE2C3PSRHA4P42YZ,01HRVWP9BYKS6Z7BQE43H94RTD,30/05/2021,Processed
01HRVX104C76A26K7T5M0E81ST,01HRVWP954TKG7X49SV6F250HB,02/03/2021,Cancelled
01HRVX104DS1S3WNWG8AQTBA01,01HRVWP985BN1MCPYX9J2N3HTJ,08/02/2020,Processed
01HRVX104ENG38QMA6FEEYD2SP,01HRVWP97ZH9Z672055JSTXGWD,06/08/2020,Cancelled
01HRVX104FRJK488ZQVVJPWMR2,01HRVWP93ZCBM6FKW7NKYMBGPE,10/07/2023,Processed
01HRVX104GDR9QJAKXATQ46Q0F,01HRVWP97113CF63J8WM3JQEVJ,22/07/2020,Processed
01HRVX104HBVQ0K7FMED34A7ZX,01HRVWP99MNCSNKVFH8CMEEHNA,06/03/2020,Cancelled
01HRVX104JK32J6B077PBDSDAR,01HRVWP9AFHN7SBZYE7HTQ7R89,20/03/2023,Processed
01HRVX104K38G41FFBQEMTZH7A,01HRVWP981S53PPVJ4JJJAFQ5F,22/10/2020,Cancelled
01HRVX104MJ815RC5MNHS8R86F,01HRVWP9BHKAWGY60XSY9KQEA0,06/09/2022,Cancelled
01HRVX104NQD811HF9PJYY6GKE,01HRVWP96K5699BCMMWP6MBA19,11/06/2021,Cancelled
01HRVX104PT27NC94AT5GVWS00,01HRVWP9C6GV2G4KEA94A4X3MD,31/07/2021,Processed
01HRVX104Q5S3NBXBF6AQNSMF2,01HRVWP9AMQE18E0H3FMJ4XT49,27/02/2022,Processed
01HRVX104RNSJN9PX0ZV0G56A7,01HRVWP99HKF26A27C8R7GCYEK,22/05/2023,Cancelled
01HRVX104S2W8AM1P1C35CB606,01HRVWP99KFKNN4T852N0S8VRN,07/08/2023,Cancelled
01HRVX104TZDBZGSCH0PY1PK6B,01HRVWP98VCEE3TS9KJZ89FW2E,16/09/2020,Cancelled
01HRVX104V6KY6E6RDK6QRZNW2,01HRVWP9A062C8FRFSCQWWGK9N,15/02/2023,Processed
01HRVX104WEKM282KN5QHCAKDN,01HRVWP991K2MKS49117Y62B42,16/03/2021,Cancelled
01HRVX104XCM1KFSPR20H6G7MB,01HRVWP9C12FE12H5G1CTY2AYQ,22/12/2022,Cancelled
01HRVX104Y4YBHVJENBR17A1NK,01HRVWP9AX9P5BV1S854WB06HA,12/01/2022,Processed
01HRVX104ZDF9T77GBJH35HK2B,01HRVWP9B6W8CX0MZH8Z9DBX6Z,08/04/2022,Cancelled
01HRVX1050HQZSHQD3HF22B5Q1,01HRVWP96NV6DRMT9BHGHG41YS,07/12/2021,Processed
01HRVX0T0PBF8Z8E6JYSEHTY2E,01HRVWP9AX7BXV9P5AH82JR23C,28/05/2021,Cancelled
01HRVX0VK3D8H37G23S73D4HEE,01HRVWP9718C1PKES3YJT1EZTC,02/01/2023,Processed
01HRVX0VY397T6NFKJB3FB0WG6,01HRVWP9CFZ5P65Y60VS9PF6PV,19/09/2022,Processed
01HRVX0VY4MT2CG4HHNCEFVGM6,01HRVWP97BWGPC13G0CC2DKQ5F,26/02/2022,Cancelled
01HRVX0VY5MF0FR56Y0GZ8S5CT,01HRVWP9BCPMG1XE8EWSFZ6A3M,30/12/2021,Processed
01HRVX0VY5H2E7JDJ9772CFTGX,01HRVWP96Q0NJC3GA9JYE7JWNV,14/10/2022,Cancelled
01HRVX0VY64ZTGYFK03GQ9K1TZ,01HRVWP94BCK002FQZDN5EA179,19/08/2022,Processed
01HRVX0VY7FRKXGF4EE55ST6XV,01HRVWP948MYX8WE8H8MSSD777,24/02/2020,Processed
01HRVX0VY8M8YNYDZW0YRS478R,01HRVWP978YG5C66XCDW8VVWVS,01/01/2022,Processed
01HRVX0VY92522EJB4B84E1Z5R,01HRVWP950V7AH9HD7Z08J8ETX,22/11/2020,Processed
01HRVX0VYA1G8TGPV4KARSR0JP,01HRVWP988S2RKE5S5A0ZFJN2A,24/01/2020,Processed
01HRVX0VYDT5PS93GVM18WJV5B,01HRVWP95DZHT85K56NNDRQEKS,19/09/2021,Processed
01HRVX0VYEJKW4JPFQN0KXF1SA,01HRVWP993GRNZ243X9VXSJFD5,23/10/2021,Cancelled
01HRVX0VYFKT2JTXN7QHPT5P02,01HRVWP9AXRF3HBFMRBTK0QCQ7,20/09/2022,Processed
01HRVX0VYGPVER3JRXX0PRCBDN,01HRVWP99ZWCF5F58DQHGJH60N,14/09/2020,Processed
01HRVX0VYHM3VFR8DJDCG73XF7,01HRVWP991K2MKS49117Y62B42,20/05/2023,Processed
01HRVX0VYJ3WCJTYM0SW3T51DX,01HRVWP96W5YCASJ2ZJ3JN3GZ3,02/08/2020,Processed
01HRVX0VYKHECRA9HM4EV5HPAS,01HRVWP95M32DKNNKSBCETC76B,08/08/2022,Cancelled
01HRVX0VYMA8PE7K4VCG8SQJ4K,01HRVWP9BX8KJ3ZBZV3K0JD0S8,01/05/2023,Cancelled
01HRVX0VYMV1Y21KJ1ENFK8Y35,01HRVWP963H946B7ZQRCFW2760,24/04/2023,Processed
01HRVX0VYNAFY2MRB16PVF5RZY,01HRVWP99M4E83T8Q9RFNFTR4T,19/11/2021,Cancelled
01HRVX0VYQ0V0FSYSYNDYM78WN,01HRVWP957G4ET437QPYF424F8,04/04/2022,Cancelled
01HRVX0VYR0HYTJ638ZBKK2YJN,01HRVWP97RJKMEFCF883R5BZFR,01/09/2021,Cancelled
01HRVX0VYS6XEVYRR2C2SATC6T,01HRVWP98S0ZG1NGES1593VZ7S,24/03/2021,Processed
01HRVX0VYTA1EWFVN0GVTKH928,01HRVWP99P1NVD43ZS09W0ZRGH,13/05/2023,Processed
01HRVX0VYV7Q6FHD7PB534SNFG,01HRVWP963W44X8B7B1WZGWTBW,15/01/2020,Cancelled
01HRVX0VYW6XAKD3HA5X3JV1EE,01HRVWP97202PNC5SQR37RSEZA,16/04/2023,Processed
01HRVX0VYX5BCH4K2CMWCAHDHC,01HRVWP9850M9G2MY85GC15167,26/02/2022,Cancelled
01HRVX0VYY0TA768AJG9MQ7B4J,01HRVWP95QV9RAHNP0QJAKJWMR,22/03/2021,Cancelled
01HRVX0VYYJCFYAQAMZ7E6QDHW,01HRVWP97JWGPZ74D4XJG8KWMH,24/01/2022,Processed
01HRVX0VYZ42DZ0DC806QP98B6,01HRVWP97SJZDP5C1079019T08,05/07/2023,Cancelled
01HRVX0YZ7A8CEWYZ2H0TRG7B4,01HRVWP95AF4XHFD4P1337G15N,02/11/2022,Cancelled
01HRVX0ZTXXXK00R1B0BSA3KJ4,01HRVWP97B5YRKDJJZDKZ192VB,31/08/2023,Cancelled
01HRVX100DG7RM110HV2V9CQWS,01HRVWP98C0G55VFM843ZHWK07,08/07/2021,Processed
01HRVX100E1DV3VWYB1AXEXZFY,01HRVWP9C7FVZVT69PSHKKBRGQ,25/02/2021,Cancelled
01HRVX100FGQQD6Z77HJ6QQN9K,01HRVWP93S3QGZF95RB4RNDDE4,15/01/2020,Processed
01HRVX100G15H4NRJNWH2YB6F2,01HRVWP98PW93JXXQAW2FDAZG8,30/03/2023,Processed
01HRVX100HM5HH2ZHKR58PEY9R,01HRVWP97C0H47PQECB3N89KGP,20/05/2023,Cancelled
01HRVX100J9H82RECPXQ11Q3T6,01HRVWP9B3AKZFCD58F0P6WC7S,17/05/2023,Processed
01HRVX100KXDBZX9G3CJ0B4696,01HRVWP99JAWCM0829K5FE37DT,23/01/2023,Cancelled
01HRVX100MXP7032J5RDXAR02X,01HRVWP9B7J3K229FFWYT8M55H,08/11/2021,Cancelled
01HRVX100MR2YY7Q0RM0YSKFYG,01HRVWP98MBBSD1CHG82JS81B5,30/01/2022,Processed
01HRVX100P077VXGH6HDNZVVW0,01HRVWP94KG9W6J67S6SY34NN5,20/02/2022,Cancelled
01HRVX100QZX5JM5431YKCQ7HZ,01HRVWP966F40AJQ5TGWVM3NC0,16/01/2022,Cancelled
01HRVX100QQFV93BZKSX57SMYY,01HRVWP95FZ8P3228RGYV4B2WQ,13/11/2020,Processed
01HRVX100R1R2ZQTEPFS1XMVN5,01HRVWP9BMC57QFMF8H3BBNNT6,11/11/2022,Cancelled
01HRVX100SYT0WPSWP9FY6APC8,01HRVWP95NYFVQCY37R3FKNRB0,21/08/2021,Cancelled
01HRVX100TMDR1QF15F2BH35QJ,01HRVWP957G4ET437QPYF424F8,14/06/2021,Processed
01HRVX100VZA3TBZEK2CYYCPH5,01HRVWP95YM1C6QXQXHD2SMGZJ,01/12/2021,Processed
01HRVX100WH976P0E71FMK0GKP,01HRVWP9AWK5NCRCKT8FKKTEEV,05/03/2023,Processed
01HRVX100XGD3GDZAGGECBS7G2,01HRVWP952GD370N066YEKXSDN,03/01/2023,Cancelled
01HRVX100YKY6RXC1Y2K1FTPD5,01HRVWP96DQ78BJT78S7GHF3CA,11/11/2022,Processed
01HRVX100ZMNC9VBPAQWFMWK5C,01HRVWP96P20BREVHDNSE4AQD7,19/09/2020,Cancelled
01HRVX10103VE6KWS4ECAX4KV0,01HRVWP9BVQBYPX6XNM7QRB0M4,23/11/2023,Cancelled
01HRVX10105ZW5SCZDRCA20CA3,01HRVWP964CT3ZDA1CWDPN3TRM,09/09/2023,Processed
01HRVX1011WX4F8EN38XDHP7HB,01HRVWP94NZ9Z0X1KD4RSDWB48,25/03/2023,Cancelled
01HRVX1012TYSRK02T267X6A9E,01HRVWP97ZZP8BWN7K2XZ5CB0E,26/02/2022,Processed
01HRVX1013082AYACQJ2YR4PQ4,01HRVWP96K58EJJNANPSMNH4PW,28/05/2021,Processed
01HRVX1014PFXPVY9KSQE1SP44,01HRVWP9B4SZ2TG2AZJNJWXN55,25/04/2021,Processed
01HRVX101561MDT86QWS8DRY9V,01HRVWP99XFP3F8RHYQ411MK2Q,09/08/2022,Cancelled
01HRVX1016ESJJ0CQA4K9NFQAB,01HRVWP98GKYEJMEK3H6X6FHYZ,08/12/2023,Processed
01HRVX1017EAQSY1DM3ADCW51R,01HRVWP96GFP91NETX5EHXN5A3,11/04/2023,Processed
01HRVX0Z2XMXRY2X7NRH9KXC1W,01HRVWP950GC5XW0N8MEQV0R4F,28/12/2022,Cancelled
01HRVX0ZYP6KM00CRF0RVJW012,01HRVWP9988C9F5C0PJCRMQFXG,10/08/2022,Processed
01HRVX10493K5A6TWDMF48ESV7,01HRVWP961XQDE2F5N1C6ME096,11/06/2023,Processed
01HRVX1049FD8SVRWC68JKTQMF,01HRVWP983ZM7SMZ0W6SMA68W8,03/05/2021,Processed
01HRVX104AKG193H6ZYFZWX0VM,01HRVWP9B9P8CWQE9K68P9BRDP,24/04/2022,Cancelled
01HRVX104BNZ1J6K7SGS6T5C22,01HRVWP9A0041YWFMZ9ZCN4D8W,24/03/2022,Cancelled
01HRVX104C99HBSWDA3JNWRAKB,01HRVWP95TGV5Z5DV9MVPQ2VR6,13/11/2023,Processed
01HRVX104D1GYZGYDBCXX8WR6X,01HRVWP98ZDY6Z0FWPW67A1XEG,16/05/2020,Cancelled
01HRVX104E5CNAAEATDGVZC5FT,01HRVWP995K07QA1NDM69V022P,26/01/2021,Processed
01HRVX104E7VR617GM32WBCY9P,01HRVWP98PBA1CZ2PFJST96QEE,31/03/2021,Cancelled
01HRVX104FZKR5KJGKSZA25SN0,01HRVWP9C12FE12H5G1CTY2AYQ,01/09/2021,Cancelled
01HRVX104GBES4PGQMRVXZTSWK,01HRVWP99B33W8PSNGVF4T6FX5,10/09/2021,Cancelled
01HRVX104HJXAR8K3H934YYAH9,01HRVWP9AWK5NCRCKT8FKKTEEV,05/07/2022,Processed
01HRVX104JA7KHFYVXWQZEZ4HR,01HRVWP96A7X4JHX6312DP0WJA,05/06/2023,Processed
01HRVX104K50FW6QRWMWAXHXXX,01HRVWP97VYF9Q160ND7Y8GAAR,17/03/2023,Cancelled
01HRVX104K06KBRRBJNFTB7HJQ,01HRVWP9BDA4XRFQ3DX8PBFD3F,24/12/2022,Processed
01HRVX104MPW2Z5CNYV151JQ4D,01HRVWP9BWZQ95Z6K3MBCY1CZT,12/09/2023,Cancelled
01HRVX104NS7YDDF1FE3TNEEG1,01HRVWP99SV4RT093MQ0VQV69R,24/05/2022,Processed
01HRVX104PQW9DHTQTAFS4GBYV,01HRVWP94W9WZ8H2036QS2PX91,23/06/2023,Processed
01HRVX104Q602M7Z56G29AZV1B,01HRVWP96X5VP6VVMEK6TNQ71J,09/10/2023,Cancelled
01HRVX104Q8KPAVZG0D5ABSYJ6,01HRVWP95H06HQZSRH19TFK7VM,07/05/2023,Cancelled
01HRVX104RYZ7D83A6CY4SC9KY,01HRVWP982XZYA4ZSXMKW4P2C2,16/07/2023,Processed
01HRVX104SYRNBZTMNCA8N9XWG,01HRVWPAGPGY5FKHG06JT15BZJ,07/12/2022,Cancelled
01HRVX104T0RR9T81N2RKJR2DB,01HRVWP96HS6Z959K92HS2AP9W,10/10/2022,Cancelled
01HRVX104V1PM9N16G8XVHWA2C,01HRVWP99XFP3F8RHYQ411MK2Q,17/11/2020,Cancelled
01HRVX104W60RCVH4RK9M8AX7E,01HRVWP998JSRR46PPZ1GW7Y6E,08/12/2023,Processed
01HRVX104W1WRYA0STR9MVBBCQ,01HRVWP99JRF4S8Z6ACJKG2PPB,24/09/2021,Processed
01HRVX104XH3C5RWQJ6X7MD35R,01HRVWP948GKS123K54AXW8S8S,06/04/2020,Cancelled
01HRVX104YERH68Q73MXNYMEE4,01HRVWP99HETZQ6BWW9HEKGGAN,05/06/2022,Processed
01HRVX104Z434Z1V7NDFPPATST,01HRVWP97N5XZTBN1K1ND9BDZN,18/04/2022,Cancelled
01HRVX1050WS767RHYRJZTKHGT,01HRVWP97MSZ1EV79M6D3EXWMK,02/07/2020,Cancelled
01HRVX0Z0N1EDB1YF3F7EV51HM,01HRVWP97AQ1X3Z8YCRJVNXK96,15/06/2021,Cancelled
01HRVX0ZW1F4KCNQANQFM1GEY5,01HRVWPAGPGY5FKHG06JT15BZJ,07/08/2020,Processed
01HRVX101J7MC4520JEFR9SPE6,01HRVWP95Q3FKD4B4F1CSJTSKZ,10/11/2023,Cancelled
01HRVX101KSWN2AX1DBGMK59CA,01HRVWP98GTQEJNGSN62ZWENVC,05/11/2021,Processed
01HRVX101M7D1CXXCPBP1412GM,01HRVWP96BW5KRG2BTGM7CEQ7M,21/01/2020,Cancelled
01HRVX101MZ4DAKHB8VG293ZH2,01HRVWP960WBNXKP3XH6Q7HTVK,09/10/2020,Cancelled
01HRVX101N70ZB8MEDNQ77DJWQ,01HRVWP9APP5PH1954C6EGN70S,19/02/2022,Cancelled
01HRVX101P3SNV39DTCP5FXD1G,01HRVWP9557T55A75H2DSDQQPB,13/01/2022,Processed
01HRVX101QHYE5ZVA97NGQMD75,01HRVWP98J5J9EPY0RAH8VBY2Z,09/01/2021,Cancelled
01HRVX101RKP5TW1683GMVFGMN,01HRVWP9A98433TPQA1WWEXWP7,29/07/2022,Cancelled
01HRVX101SHW9JZVGRT0T9BQHS,01HRVWP99V7CYKC5B49XBR1J3V,24/09/2023,Processed
01HRVX101SBC3XQH9P5GSCHXGZ,01HRVWP99MNCSNKVFH8CMEEHNA,18/08/2020,Cancelled
01HRVX101TCK2J141J6DT06H7C,01HRVWPAH03HEDZYEAPNKQRF6A,17/02/2023,Processed
01HRVX101V7T530WB4DGEPF12Q,01HRVWP9BTJQADBVP701AG6389,22/10/2023,Processed
01HRVX101WZ9A63WDPMA7H2NJ3,01HRVWP9AX7BXV9P5AH82JR23C,22/11/2023,Cancelled
01HRVX101XEQKSXYNWQMYQRJA2,01HRVWP9ARNR18489KNK43BEBW,20/11/2020,Cancelled
01HRVX101Y6B9GXV42B3JH5Q93,01HRVWP9AVGZ870H0YQBA174ZG,02/06/2022,Processed
01HRVX101YHBMPRPJ2RMTC25AD,01HRVWP998HSYXS3K87HTKRKCY,20/01/2020,Cancelled
01HRVX101ZAVJ7K0B5TKAK21YW,01HRVWP980H9HVEY8RQQPVSJKE,04/02/2022,Processed
01HRVX10207PG2C8YNNH53MWE7,01HRVWP98GKYEJMEK3H6X6FHYZ,08/05/2022,Processed
01HRVX1021GJWTCD4XAKZZ9VQG,01HRVWP98DMTK9XJK6G5PF92M4,23/03/2023,Processed
01HRVX10221Z9YH8837VQTYENW,01HRVWP997MF565A935AXNCPY3,03/12/2023,Processed
01HRVX1023BYA5EW54BVJAHYZ5,01HRVWP98S0ZG1NGES1593VZ7S,05/03/2021,Cancelled
01HRVX1023RTY4KDVWYV7SCJRV,01HRVWP99F5843JMR5ZD155BBZ,20/01/2022,Cancelled
01HRVX1024F37R5RKE2NZGYFS8,01HRVWP97N7EMW5DWSMWE4PFK7,25/08/2020,Cancelled
01HRVX10253HSS80SQ349MQ2CR,01HRVWP95EF06697P68W6FPFNV,17/10/2021,Cancelled
01HRVX10267VEZDSVXWDGYJMJ1,01HRVWP96X5VP6VVMEK6TNQ71J,12/03/2023,Processed
01HRVX102789T2WA9TBPB0M6ZR,01HRVWP9A4E4YWHZC708ECZ98S,18/06/2023,Processed
01HRVX102884G01GSWB6TCAWXE,01HRVWP9729K4AN81ZK2AP1GZS,07/05/2023,Processed
01HRVX1028QKSWPZ2R0W22XEXY,01HRVWP99078HAK7MJAW7K3JGX,22/05/2021,Processed
01HRVX1029VY8QBFTRJA29X6R7,01HRVWP9AEC890FQXDHT6STNK8,30/11/2021,Processed
01HRVX0T26YYKQ61FNQHPMCEP3,01HRVWP94SJEB0GADGF2E5GKPS,16/03/2020,Processed
01HRVX0VMKTAMH14PK5KD7TN1T,01HRVWP95ES7Z17GVR0323HS3G,05/06/2020,Processed
01HRVX0VZNT6N8RYZDH6W5WA1M,01HRVWP97Z3X04KKY5MDBT8VA5,14/08/2020,Cancelled
01HRVX0VZPT5REW1MV7M5H5Q1B,01HRVWP9BBTMGH9K7HX54Q23DF,05/02/2020,Processed
01HRVX0VZQHX0GR6DA9F9P5729,01HRVWP95F267PC6JGAWWH2AEC,27/06/2022,Cancelled
01HRVX0VZRGHRQWB3VF43STNN6,01HRVWP9AV3NNYR6EZTMYYH6KR,27/02/2020,Processed
01HRVX0VZS2948RWTVHRVT6F6W,01HRVWP985M1SR0PG95MHQ20MJ,18/07/2020,Processed
01HRVX0VZTQTE9A99H8C4VFXSG,01HRVWP9BPBH4T5DM2D9Y6NWJS,28/02/2023,Cancelled
01HRVX0VZVRK6TFW5ZM6HYK0ZG,01HRVWP96564EFGBY19C1SXBM5,05/03/2020,Processed
01HRVX0VZW4SCS1DWHJ11F3HY1,01HRVWP95MC05FD2VK5BJXWEMN,18/03/2021,Processed
01HRVX0VZXXE9C48HSEW9KKN7F,01HRVWP9C2GW2WDRXK2C7JDMN7,08/12/2021,Cancelled
01HRVX0VZYQ70JGWPXERYV3RKR,01HRVWP9AC9Y2ZBXKC7HS9Y8S8,29/05/2020,Cancelled
01HRVX0VZZ8PGAB2H4JPA0MXKP,01HRVWP9AS4XWDFZ3XJ7FEG1ES,27/10/2021,Cancelled
01HRVX0VZZ615TASBFYR0JPJ0A,01HRVWP99SV93FX03KV3VRZSXX,14/08/2022,Processed
01HRVX0W00ZYE9WGA0ZZ76Z1YC,01HRVWP97ZH9Z672055JSTXGWD,18/11/2020,Cancelled
01HRVX0W015SHBRP990BPRHVT3,01HRVWP96BW5KRG2BTGM7CEQ7M,15/02/2023,Cancelled
01HRVX0W024DZP9FH7C5CJDK1A,01HRVWP96C12QX3T62EV3QCRNZ,26/11/2020,Cancelled
01HRVX0W03KPF7HKBB2NPERCV4,01HRVWP9AA9QMKBKQMFCMEGNZJ,06/04/2021,Processed
01HRVX0W04JHG3HC8H0QH6SVB2,01HRVWP9AQ4VSGRWQ5DYGMZ1EK,13/02/2020,Processed
01HRVX0W050MTPQWH69YAZ0B5C,01HRVWP95A75B6X836PD7GEETV,15/01/2020,Processed
01HRVX0W06HWA08NWSNT7BN921,01HRVWPAH03HEDZYEAPNKQRF6A,07/04/2022,Cancelled
01HRVX0W0781K90DJ3F654MDMB,01HRVWP985T1KZ8W7EDCT4RD4B,28/07/2023,Processed
01HRVX0W08ECKK9V46ZCZV87BW,01HRVWP99KQBSHBNEDX6G1KE8H,05/09/2020,Cancelled
01HRVX0W0AHNF1S44EM237HCYE,01HRVWP95DDCVZPQFP16CT88NN,10/05/2023,Cancelled
01HRVX0W0BQY5ZXYZ2V4GNVBK5,01HRVWP94KFAE593DYGKQW4JBE,11/04/2023,Cancelled
01HRVX0W0BJCPJ2BYEB0CDMK3P,01HRVWP97H2DMEM1WGJF9A129B,01/07/2022,Processed
01HRVX0W0CFQM3FGYJ52KT5DK2,01HRVWP9B8J8NHH1P92YCFQ5J8,10/02/2023,Processed
01HRVX0W0DMDPG12R2D03K5W4Q,01HRVWP9BWZ3ESE63DXR8TXV18,17/03/2020,Cancelled
01HRVX0W0ERJ0VD6P9E57FD36W,01HRVWP94BCK002FQZDN5EA179,09/04/2020,Cancelled
01HRVX0W0F6BWAAG6N85AA0ZZQ,01HRVWP99DGKAA0DVKDV9ZR2ZD,23/07/2020,Cancelled
01HRVX0W0GGR1MYMN6DWEZXFR9,01HRVWPAH13XT87JYMCKHHJJAY,07/03/2023,Cancelled
01HRVX0T25DN4BPVFDT7PCSY3S,01HRVWP993F34EJCCE1T148MK6,05/09/2022,Cancelled
01HRVX0VM9VPXEAVEA6W72KQ8M,01HRVWP97GEY5DBWX9KMFGXWQ9,19/09/2023,Processed
01HRVX0VZB28VVHTRYAPG1V5XE,01HRVWP974RJ73RW1Q9EJ2QF3H,26/09/2020,Processed
01HRVX0VZCYT3W9D9X1VA81JCN,01HRVWP9BSTKFAA93YAZ8HQ1T7,20/01/2022,Cancelled
01HRVX0VZD216MJC1X2VYKR0A7,01HRVWP941K12AQTJQ4TYAEYRV,22/12/2020,Cancelled
01HRVX0VZDCMAJ611T2H9PG9Q7,01HRVWP95PA4YS4A0TS5WMQ9CH,07/12/2021,Processed
01HRVX0VZEPYQ44MPTCZSM0PR6,01HRVWP973CVBSPK9YJ8XF9M10,15/05/2023,Processed
01HRVX0VZFW402VEW6AJ37EPHM,01HRVWP98GKYEJMEK3H6X6FHYZ,15/03/2021,Cancelled
01HRVX0VZG94SQQCEREQ8S68YS,01HRVWP9C762D9C7JPDQ2B5B6S,31/03/2020,Processed
01HRVX0VZHESN25NZVJWBV681Z,01HRVWP96C09C7ZDGS5G2WYGWZ,10/04/2020,Processed
01HRVX0VZJCA6H50WGQNBZ9XVP,01HRVWP9814F03VQ3288KN7WD7,20/09/2021,Processed
01HRVX0VZKY3TJGS2PP8QD6AG7,01HRVWP99B4CYBG54PTNKS1YT7,30/05/2023,Cancelled
01HRVX0VZKRJM6VFZA2VQA7TKH,01HRVWP97MJ1EHHSGGC9W50MCZ,18/10/2023,Cancelled
01HRVX0VZMFT0GWGM67RX5Q07Y,01HRVWP963W44X8B7B1WZGWTBW,30/05/2022,Processed
01HRVX0VZNTE17DZEGK0RN2ATF,01HRVWP9BE75X578P6R0TJS494,29/09/2021,Cancelled
01HRVX0VZPF8THTSSFND35PKXR,01HRVWP96QS2DXJ72HPVV40Q0A,10/11/2020,Processed
01HRVX0VZQ6GE3V8MT84KE62N9,01HRVWP93K7VCA8JDXXASQDSTC,15/02/2021,Processed
01HRVX0VZR1TMGCX47334NWV51,01HRVWP99TQ79V4MV4N87Q59TK,09/10/2022,Cancelled
01HRVX0VZSZHNCSXA2WW001A18,01HRVWP98B3PPFZ3BBEH4B0SKB,06/03/2022,Processed
01HRVX0VZSYK9GKKVE3XM6Q60Z,01HRVWP9BBV4Y5Q75MVESHZDFV,07/05/2020,Processed
01HRVX0VZTCWNARTHJ520PM3W4,01HRVWP98HPTY0JG81N4HJDR34,19/02/2022,Cancelled
01HRVX0VZV3T1VR6HZ3MJ1DXBS,01HRVWP9B0ENJ2QXNCNABY8QDC,08/08/2022,Cancelled
01HRVX0VZW21T6FWAMF815JB9R,01HRVWP97202PNC5SQR37RSEZA,08/09/2020,Processed
01HRVX0VZX9XDAQP7YJY9RJ908,01HRVWP96PK1TG6T0BN6EZA4V5,14/10/2020,Processed
01HRVX0VZYQHQGS59B40KYK544,01HRVWP948GKS123K54AXW8S8S,13/03/2022,Cancelled
01HRVX0VZZC54E72Q0SAKBRM8X,01HRVWP95MW83M6EV1SKJY4V02,01/10/2023,Cancelled
01HRVX0VZZ9QY85KWKVEN2GVQA,01HRVWP9BHRHN56KJ60WGMMMRE,28/01/2020,Processed
01HRVX0W00WJZFH8Y38G3HY4Y1,01HRVWP9AMA98D4GTMP3Q7VFCE,18/09/2021,Processed
01HRVX0W01XKBSREQC8BZP6B5R,01HRVWP9CSPV205BSXB42G0RZ5,05/07/2022,Processed
01HRVX0W026KW9JWCVYR72APWK,01HRVWP9B3AKZFCD58F0P6WC7S,05/09/2022,Processed
01HRVX0W03ZQF056GZJ9DQ0X4A,01HRVWP97RJKMEFCF883R5BZFR,25/04/2021,Cancelled
01HRVX0T2C7M0HRKH5P664R775,01HRVWP9C931VDHQS2EGDF93CG,26/08/2021,Cancelled
01HRVX0VMFBVN7VB4M1RDN6MAA,01HRVWP9BK0JR7TYNYVV3BA31J,17/01/2021,Processed
01HRVX0VZGJ0X8H25W7MFFTBC1,01HRVWP9AX9P5BV1S854WB06HA,19/09/2023,Cancelled
01HRVX0VZHRCG7Z71Z4D91R86D,01HRVWP958YVYX72J3JHJSN94X,02/07/2022,Processed
01HRVX0VZJ8SSNX3ACCR6G5BVW,01HRVWP95AF4XHFD4P1337G15N,12/06/2021,Processed
01HRVX0VZK77MD0GDS0947YBTA,01HRVWP92XYWQ3ZANR42J95JD3,04/05/2021,Processed
01HRVX0VZMM5ZHBCKD2FH1B7G2,01HRVWP975CYSGQRPABAP0QQS4,01/01/2023,Cancelled
01HRVX0VZN397VP442MKW3K9HZ,01HRVWP97KQXD05XZR2Z5DTRGS,19/02/2020,Cancelled
01HRVX0VZPE79QKGPN1K5BVP77,01HRVWP943197CAM7GSB3N31RE,08/04/2023,Processed
01HRVX0VZQ6WFSMZ7VNKCDQZ13,01HRVWP956EDZBTFR3HBTMNSGA,16/05/2020,Processed
01HRVX0VZRYK2741ZR5SD3NWWB,01HRVWP97N2YZTD9R32RVNKHGH,16/12/2020,Cancelled
01HRVX0VZSM33SR7PQ2XXG80KR,01HRVWP98TQBXN4P7038XGTQRF,02/05/2020,Processed
01HRVX0VZS19A2H222M1Y6N636,01HRVWP93XPQG34NKZ1TSGZF61,28/01/2020,Processed
01HRVX0VZTP3H3JV1TQT4ZRB0V,01HRVWP97XHG201RZ01W8X3J6E,28/06/2021,Processed
01HRVX0VZVEAPD55CN83FKGK5R,01HRVWPAH7MEQ4SEDFZGHAQYQY,07/11/2023,Processed
01HRVX0VZWWHGGT6TJJ782NF7F,01HRVWP991509J8X75Q9YZSPVC,17/02/2021,Cancelled
01HRVX0VZXA656JVDJTHHYRFAG,01HRVWP92ZET9XY4DGN9P58M9D,04/07/2021,Cancelled
01HRVX0VZYFVJZQXKJSGM5RTGM,01HRVWP99RFENHQFXS3DE737QB,27/08/2021,Processed
01HRVX0VZZTA8GBJR04F4EW478,01HRVWP985BN1MCPYX9J2N3HTJ,26/04/2020,Cancelled
01HRVX0W00XX6SKW7760ZM5XFS,01HRVWP98HJE9N76W7F6DRV33K,20/07/2022,Processed
01HRVX0W00JBB95BEJ3EDH0JBQ,01HRVWP98702PYQ1TKY50Z1TM8,25/04/2022,Processed
01HRVX0W0175Y15BXP2NXHVANG,01HRVWP96G88WSNDF61NTMKCJZ,05/07/2020,Processed
01HRVX0W02CDS6R3X2DPXYEB66,01HRVWP96KZ605G0Y55RG8RQM0,20/10/2021,Processed
01HRVX0W03MQCNZJJDY5GBA8J2,01HRVWP99NZKJQF06HCTAG02Z4,14/05/2020,Processed
01HRVX0W04JZ90K2G8F013HTKZ,01HRVWP99W626E1KP0BPQ5HXER,08/05/2022,Processed
01HRVX0W05KGQAEHNJ69699NA3,01HRVWP9865F16853S7QRHYWV0,21/05/2023,Cancelled
01HRVX0W06FCRQR8JYMVZ4MAJE,01HRVWP979JBKSTVZGWV3TTVZJ,08/12/2020,Processed
01HRVX0W07QR14JV7X6WX4FSQN,01HRVWP9BCPMG1XE8EWSFZ6A3M,26/02/2023,Processed
01HRVX0W08SK396C3HXB585MC5,01HRVWP96H1HTD0HX56R5H4190,24/02/2021,Processed
01HRVX0W08YT7XGE10SB7GWD2K,01HRVWP98P6PNWQCH0BA75QMX5,28/08/2021,Cancelled
01HRVX0W092XWENZ1B0HFKA76Q,01HRVWP9AS7J649RBS6AQNQ7W5,19/04/2021,Cancelled
01HRVX0T2VYS530KQ0N4T42NJS,01HRVWP9CCP4QGNH48KV9G106E,16/12/2021,Cancelled
01HRVX0VJEHCC6KNZEK5NTRDHP,01HRVWP9AES0AFRC447T136BXM,08/10/2021,Cancelled
01HRVX0VXGF3WNP91RZRQ3ZYX7,01HRVWP997VJE7Y83H36MZKC4X,17/12/2022,Processed
01HRVX0VXG45KNEJ2DFX7AY3AS,01HRVWP98RB9724VEC4XDP4FMH,05/07/2022,Processed
01HRVX0VXH2H9YQ902JQB52QHB,01HRVWP967EQR85EAZ3X9WSKF0,15/09/2022,Processed
01HRVX0VXJE5F46CT56DQC38H3,01HRVWP989V5YFB9E95D43WJH4,06/02/2021,Cancelled
01HRVX0VXK3WDQ6PW09SXHCTQN,01HRVWP93XMKNEYG34YHQ0X3NY,14/11/2023,Cancelled
01HRVX0VXMVD166F9J3FS52XTA,01HRVWP96DQ78BJT78S7GHF3CA,21/02/2021,Processed
01HRVX0VXNAWPD59RGB7EPZ17Z,01HRVWP9AQ4VSGRWQ5DYGMZ1EK,19/01/2022,Processed
01HRVX0VXP5A853F7YM5PJ2YNE,01HRVWP9A0DMGHD0KWTVVB9D30,04/05/2020,Processed
01HRVX0VXQ4WCWK8TVA1W5Y55C,01HRVWP95W2S6R2MZTJDMQ8M6W,10/01/2022,Cancelled
01HRVX0VXRVA2822QC605JZQTX,01HRVWP9AFHN7SBZYE7HTQ7R89,22/11/2021,Processed
01HRVX0VXS57RMM0B48HA66971,01HRVWP97JYD523RW78B0NVZT4,11/06/2022,Processed
01HRVX0VXTZQYMWB7MJXZW18Z7,01HRVWP95CF57W0BCTF3Y8M7CX,25/06/2023,Cancelled
01HRVX0VXVDEH08QHPYQ2FD0XY,01HRVWP98VX4CE30V8YQ5KWFY8,01/04/2023,Processed
01HRVX0VXVX9Q2Q6SSM0PP0VPP,01HRVWP974RJ73RW1Q9EJ2QF3H,25/11/2022,Processed
01HRVX0VXWT5BGA3Y696XT4SH4,01HRVWP9AVGZ870H0YQBA174ZG,03/01/2023,Cancelled
01HRVX0VXXAW6B3YT77MBRX1ZH,01HRVWP9C8B4R8AHVF9H779N75,12/08/2023,Processed
01HRVX0VXYZ1XYQG5GJY2EQA75,01HRVWP96AEFRT7WHXK14AZE15,01/03/2021,Cancelled
01HRVX0VXZCZ0Z39G3TM77GKV0,01HRVWP9AEC890FQXDHT6STNK8,16/06/2020,Processed
01HRVX0VY0F5T1YXAQRZDTRQAS,01HRVWP961DKXD5Q6E7PCS8WPA,17/01/2023,Processed
01HRVX0VY1Z1C2HJCYV6VAWBYJ,01HRVWP99NKS9D396KANZ4KWW2,10/11/2023,Processed
01HRVX0VY201N5SQHGH2CT9XG3,01HRVWP99MPKDN6GDYYX4CV6AK,27/08/2023,Processed
01HRVX0VY3419TKXZC8KVGDMDA,01HRVWP96ZC2M4KXGQ06ZT9B3N,29/03/2022,Processed
01HRVX0VY364D55GT37YCE5WNG,01HRVWP979JBKSTVZGWV3TTVZJ,05/07/2021,Processed
01HRVX0VY4CAEN69NW8YH340AG,01HRVWP950CW1X3F2Y8BKVG8TF,08/01/2022,Cancelled
01HRVX0VY5RDBC6P6VWSF2Q4F2,01HRVWP98DX2GHK440TRE3H6QX,21/05/2022,Cancelled
01HRVX0VY6TSGNQAPEJZ4NWSC7,01HRVWP995WCCR4ZTN1ZGKYGY8,11/06/2020,Cancelled
01HRVX0VY71XSJYF7SQKFA774V,01HRVWPAGRZZ8JPXHQMYS0W5Y1,20/07/2021,Processed
01HRVX0VY8BBWPYW6EF2J6TZRS,01HRVWP99QTTY9J1G4YGXZB9JD,05/06/2021,Cancelled
01HRVX0VY90YBAY8BSN10SQWZ4,01HRVWP991969MJR4HNTJ7CG1G,22/01/2022,Processed
01HRVX0T50NTSN7EG6CTG5G9V1,01HRVWP9AF7VVANSJG201HMXJM,19/12/2021,Processed
01HRVX0VM34RMYYAVMP9DWJCVT,01HRVWP9B679VCVQD9B0FV0SKR,10/01/2022,Cancelled
01HRVX0VZ2N1E1QP42GQHRXC6Z,01HRVWP960WBNXKP3XH6Q7HTVK,01/05/2021,Processed
01HRVX0VZ3B3R1JH5CTTCVNV2T,01HRVWP98D53Y78666CJVGKFSM,20/05/2022,Cancelled
01HRVX0VZ40KKWYRZ29Q4MYVX2,01HRVWP99CMJ5KD591ZZNDN1CT,12/11/2022,Processed
01HRVX0VZ55TVAH9VDB8TX7H6Y,01HRVWP995YQNQVA4ZV55FKDRC,24/10/2023,Cancelled
01HRVX0VZ611TSW8TD5XFA8J8N,01HRVWP96TZNCDVYWWM5QVVBMF,09/07/2023,Cancelled
01HRVX0VZ7RHJESHH7QCA1TBVD,01HRVWP962NQHVJ698K2RF19T4,09/01/2020,Cancelled
01HRVX0VZ86NE8681D962FN7Z5,01HRVWP96QFPC3V768BTWBZP4X,09/12/2021,Processed
01HRVX0VZ9F7SQBHYYFZABSYPZ,01HRVWP967H6WMECHHBA8DEYRP,19/04/2021,Processed
01HRVX0VZAA1ETA60476RCDNQR,01HRVWP9C8E600FPBCH29663VN,11/01/2023,Cancelled
01HRVX0VZAHXCW119DG7BYK12S,01HRVWP95CVH9KKXFVFAW7F1H3,27/06/2021,Processed
01HRVX0VZB0PCXMC9NFZ3ZF0FK,01HRVWP9B7D28GDTY7WKX10M83,03/09/2021,Processed
01HRVX0VZCV6A4NGF2N0T2VGF8,01HRVWP98PHQR8GMXESVZJ6RVD,27/02/2021,Processed
01HRVX0VZDTH0CWB0KTRA3VX6B,01HRVWP9B75SKSRVZ560BKHZ48,30/12/2021,Processed
01HRVX0VZEB1AZ45AJEP5J07MN,01HRVWP9C12FE12H5G1CTY2AYQ,31/01/2021,Cancelled
01HRVX0VZFTZ85QEA28CRJYB1E,01HRVWP9C22AFTK1HP5VZDQ4P4,13/01/2021,Processed
01HRVX0VZGFT912ENAY2FKP9SP,01HRVWP99CQMNGTY01WQ28JA5T,23/04/2021,Processed
01HRVX0VZH2F9KX9FG91PSXB4T,01HRVWP952PK4X8Z4DM308E72E,05/05/2020,Cancelled
01HRVX0VZHSESV6402GZBPTZ89,01HRVWPAH5VQE9YY0GVA3REWVQ,18/01/2020,Processed
01HRVX0VZJFX5FZEB3RN1J7ZFK,01HRVWP991K2MKS49117Y62B42,07/02/2020,Cancelled
01HRVX0VZK0W3ZKG4R5JY4EHJ8,01HRVWP9AP61BNEWMQ0JZ3WAM6,12/05/2021,Processed
01HRVX0VZMZSSVFRF6P03P21S6,01HRVWP9AHHAERFWGNZXZ2YPS2,20/01/2020,Processed
01HRVX0VZNX7VHDFB1PYJTRS0X,01HRVWP964A2SXFWSJGZC99P1R,05/02/2021,Processed
01HRVX0VZPPCWGS3TY4VT34JS2,01HRVWP9CNMJ8VD598CNGYAE62,13/05/2023,Cancelled
01HRVX0VZQ72N8DTBE4670YGR2,01HRVWP983ZM7SMZ0W6SMA68W8,13/01/2021,Processed
01HRVX0VZRD9AT8HEATM4SRMPY,01HRVWP9A8GP4AG13JCBSTFY9W,14/08/2020,Cancelled
01HRVX0VZSHABGY3G3JVRPRYHC,01HRVWP96VXMP3MA7XSV4E3Q23,18/01/2022,Cancelled
01HRVX0VZTRDXN7GBF6HBV7RQ3,01HRVWP9A35N541A7K7TPNNNQH,19/11/2020,Processed
01HRVX0VZVWYFZG6SKT4NRCFP2,01HRVWP96E6KWZED7GNYMH1AFR,20/09/2023,Cancelled
01HRVX0VZV74XY4F3S29C0DBYG,01HRVWP955X4QRJTD2J896TM7G,16/11/2021,Processed
01HRVX0T4V41THFNCVZSWPJG0Z,01HRVWP97GHY2FDP9W1WRVP6Y7,14/03/2022,Processed
01HRVX0VKR9CT3J1VJZTRYTZYS,01HRVWP96GGFVQQ78H5FXSPBZM,05/08/2020,Cancelled
01HRVX0VYPKDWN0K696JH0B3QY,01HRVWP997QDKEE6MGJA5RGX2K,17/06/2020,Processed
01HRVX0VYQ251W8YE3PQ51TXYT,01HRVWP96EHXBEDESBHPKW3B0G,03/01/2023,Cancelled
01HRVX0VYR2HD621T8NZ3TN68J,01HRVWP99XP5CX08EP7HQK6V1C,04/02/2020,Cancelled
01HRVX0VYS4YSHKYN8S15AKMNG,01HRVWP9AWK5NCRCKT8FKKTEEV,31/07/2021,Cancelled
01HRVX0VYT5XCFFMQKY5S130CT,01HRVWP9A54P71KV5EVVEJNG44,12/01/2021,Cancelled
01HRVX0VYVS18HR9QJE83VJ0TQ,01HRVWP95TGV5Z5DV9MVPQ2VR6,20/06/2023,Cancelled
01HRVX0VYWPW5FTNSNNXHFK3DZ,01HRVWP956MTEX2B184BS1NWWC,15/09/2022,Processed
01HRVX0VYWTGJ3WY2Y93H0G923,01HRVWP982STW17QCFXQ01DZMC,26/10/2020,Processed
01HRVX0VYXX4ZP9S6PVWYP70T5,01HRVWP96564EFGBY19C1SXBM5,26/09/2021,Cancelled
01HRVX0VYYQJ95QRVRANNC8T2E,01HRVWP98GTQEJNGSN62ZWENVC,15/10/2022,Processed
01HRVX0VYZ5DV7K5Y7N4FMPWBC,01HRVWP9BWNG8V8E3XV0BGW6DM,13/03/2023,Processed
01HRVX0VZ02H7EWV4PVSYF44RF,01HRVWP97TV3J901ZKBJG3VYQN,24/03/2022,Cancelled
01HRVX0VZ1RAC5JSBS8J0TA1DN,01HRVWP9BJJ9SM7F67V3N50C24,18/01/2020,Processed
01HRVX0VZ2KF7W3WDCREKRX7P4,01HRVWP9AS7SC5NTNMVGQDHNF8,08/06/2022,Processed
01HRVX0VZ3G3P5NCKW25E7D3TN,01HRVWP9481HE0SNQKSWY023SQ,01/08/2022,Processed
01HRVX0VZ4FHY1QNJKA5C7V98H,01HRVWP952JT4G86PNXF8EJ5Q6,20/11/2022,Cancelled
01HRVX0VZ4DVMTYKMJJRXJY5S9,01HRVWP9BWZQ95Z6K3MBCY1CZT,18/12/2021,Cancelled
01HRVX0VZ5K9CF7B9GW693F87K,01HRVWP9729K4AN81ZK2AP1GZS,31/12/2022,Processed
01HRVX0VZ6QG7B13ZPBDZ3M7MN,01HRVWP99Y98BG1T335HBBTF0V,13/12/2021,Cancelled
01HRVX0VZ7PGHN2ACTYDQRXTF9,01HRVWP95M32DKNNKSBCETC76B,24/12/2020,Processed
01HRVX0VZ8GK55N1F7S8JW4GZK,01HRVWP981HEQ9P7R0QAYK8RWB,21/07/2023,Cancelled
01HRVX0VZ9J5D2Q5PFE2F2JR10,01HRVWP98PBA1CZ2PFJST96QEE,16/10/2021,Processed
01HRVX0VZAA33FWBTQNDP2F4M3,01HRVWPAH2NPBMAC0J2F6JNQCC,02/08/2023,Cancelled
01HRVX0VZAY3VEBNQ711JFKMT5,01HRVWP95J0EPQQMX89KAQSFHT,13/05/2023,Cancelled
01HRVX0VZHBJA7WE89RH4TRRAG,01HRVWP98P6PNWQCH0BA75QMX5,05/10/2022,Processed
01HRVX0VZJPFFANY2BX89WKP29,01HRVWP99HFEF6321VG3K5MJ23,17/12/2022,Processed
01HRVX0VZJE0VM228MBRJW21H7,01HRVWP9AGZQS5DDMV5B32XP0R,21/07/2022,Cancelled
01HRVX0VZKCZ4YK23SX56JDW1T,01HRVWP973TAYEPJYVBNJG02CQ,14/05/2023,Processed
01HRVX0VZM5GM1FNFXGFEYV4DV,01HRVWP95JTM6QBBH0YR75JJ6J,07/04/2022,Processed
01HRVX0Z57KY8AJKV8HM0GMXRR,01HRVWP99HFW74STPHYM3WQFDA,02/04/2020,Processed
01HRVX100DKMS5EFFM717010SV,01HRVWP99XPZH1EBA6ZXAAZYK3,27/10/2022,Processed
01HRVX105YA7VSRRPY25TJ9KE1,01HRVWP99BZ0NWESYRHMPR5Q3N,22/02/2023,Cancelled
01HRVX105ZACARNGGD19DYHW2W,01HRVWP9A2S0DQ1DKAT0WP7NDW,15/07/2021,Processed
01HRVX10607V67SEAJ2YE699R1,01HRVWP995EFYM9FN0BPEY7GYV,08/05/2022,Processed
01HRVX1060AC3H0XW962YPW9JB,01HRVWP95PTY4TFXGC0FDBCD22,19/09/2022,Processed
01HRVX1061PTBM9A753CNJ23H0,01HRVWP990KZ9VFE25HH7GDJ44,23/11/2021,Processed
01HRVX1062XMW0Z0SPF2Q1YSZ5,01HRVWP97N5XZTBN1K1ND9BDZN,05/04/2022,Cancelled
01HRVX1063P4XF8NACM63YATS6,01HRVWP97EPYMAG0BP2FTYVNMB,20/04/2022,Processed
01HRVX1064TVHND1G0CX2A1Y55,01HRVWP97FZMGYVNXJT6HHPH2B,02/02/2022,Processed
01HRVX10654TFX0PMCVGA9BRHZ,01HRVWP99CMJ5KD591ZZNDN1CT,01/03/2022,Processed
01HRVX106642C27X985MCNRX3N,01HRVWP97DSBW92R91214ZAC6K,03/02/2021,Processed
01HRVX10673CPMH29B8PY66GT6,01HRVWP9BY93PJKE6DVN081RTK,27/01/2022,Cancelled
01HRVX10683YSKRKAZDN3J5N4D,01HRVWP98ZF26KFSMEXNR97C0A,25/03/2022,Cancelled
01HRVX1069TXCFVBYFS69BNN1B,01HRVWP96NT4ZXCBPYFPFCT203,27/07/2021,Processed
01HRVX1069SDBY2V9WZKP7A8HY,01HRVWP981AYGXWZZ2TX3CQGRK,29/02/2020,Processed
01HRVX106AYKWCSFE0SY6YY7XW,01HRVWP98JQ02Z0WWC4E7A3WC4,19/12/2023,Cancelled
01HRVX106B4JDV3YJ62E70ESG6,01HRVWP96CCD59WXM13SWVY29J,23/03/2020,Cancelled
01HRVX106C45B6E1291064YEV6,01HRVWP99BM20SDJGG776A946F,21/07/2021,Processed
01HRVX106D683T07MN66QW3P81,01HRVWP93ZCBM6FKW7NKYMBGPE,22/03/2021,Processed
01HRVX106E2X1WSAV3C8FQZG75,01HRVWP99NKS9D396KANZ4KWW2,25/07/2023,Cancelled
01HRVX106FG5Y7Z6Y8WGCFV2S2,01HRVWP9AX7BXV9P5AH82JR23C,18/10/2021,Processed
01HRVX106FJGF89G0Y2T70XPZX,01HRVWP991509J8X75Q9YZSPVC,11/11/2021,Cancelled
01HRVX106G0BVVHBMP5WW1QNNA,01HRVWP991WAQ2W03MTQ7BFWW7,29/07/2021,Processed
01HRVX106HMR22C9TDJ0S7XMCH,01HRVWP9B54P2QTMJNY01J8Y8S,22/07/2023,Processed
01HRVX106J8JRM8BA36V7E9ZR1,01HRVWP99VJR0658CPYMX7KCC1,06/01/2020,Cancelled
01HRVX106KABGY1ZQ0CMSWJG9A,01HRVWP9C0C68BK2T06K0C0AGZ,19/11/2022,Processed
01HRVX106MKHZAV1HPBQW2YHPJ,01HRVWP983QGA2WHP8H3SS0947,29/06/2021,Processed
01HRVX106NSSKYD180NWRSDT0A,01HRVWP9AWKF0RSPYPEA8M9XAH,21/11/2021,Cancelled
01HRVX106NZDZQP5KWF5S4RYQA,01HRVWP9AGP81NFCMDD4TCQ9MN,08/08/2021,Processed
01HRVX106PP360RFWRDJFR54XM,01HRVWP9AQKYT8460WJVZCBAF3,23/05/2020,Cancelled
01HRVX0Z4C1R412E33VYGFVENJ,01HRVWP97113CF63J8WM3JQEVJ,27/04/2022,Cancelled
01HRVX0ZYXHJMEQPNFCPYQ4MHA,01HRVWP99DGKAA0DVKDV9ZR2ZD,07/04/2022,Processed
01HRVX104D02E9VGQ5RCBV6FVQ,01HRVWP99ZA802HMSKD9WZB9KP,24/12/2023,Cancelled
01HRVX104E9NYEMT6PV4SZ6GTB,01HRVWP9988C9F5C0PJCRMQFXG,25/03/2023,Processed
01HRVX104FQ1M5MHP6V23NCRV6,01HRVWP94WC24W84EMZ662DBHT,03/01/2022,Cancelled
01HRVX104GTFNG9RT5EY3ZZ7BE,01HRVWP941K12AQTJQ4TYAEYRV,02/10/2023,Processed
01HRVX104HTRPJMQH0FMPK4XWS,01HRVWP9A2S0DQ1DKAT0WP7NDW,28/02/2020,Processed
01HRVX104JZ9TSPVZKPZDMEFY2,01HRVWP97GQ704YMQN469CBF2J,23/12/2021,Cancelled
01HRVX104K7JC70NQFGPYNCG9F,01HRVWPAH03HEDZYEAPNKQRF6A,20/05/2021,Processed
01HRVX104KJ2DRTK24FD60E8CA,01HRVWP96GC70A5ACHM2RKXY5K,27/02/2022,Cancelled
01HRVX104MEMP7916JNWMJCVG1,01HRVWP95PM02FRX3KXSWK09A8,25/08/2023,Cancelled
01HRVX104N2C1W62SHAS8KQ5PM,01HRVWP952PK4X8Z4DM308E72E,23/09/2023,Processed
01HRVX104PRMQ91H3378MKPVWH,01HRVWP96TZNCDVYWWM5QVVBMF,01/06/2022,Cancelled
01HRVX104QVYC5K3JCZ1T45KWY,01HRVWP99DY6RFJ8NBTBW5AK28,19/04/2023,Cancelled
01HRVX104RVWNBA25X3FCQX5MJ,01HRVWP96J3MYMSM3WFE9TH8J1,06/04/2023,Processed
01HRVX104RYKHKF5CYN7Y4EDCZ,01HRVWP9CBV897PZ0CDWPWWPDR,19/10/2020,Cancelled
01HRVX104STEF5E35YTWH5YB9Q,01HRVWP9AXY2KAJT1JET280Q62,27/01/2022,Processed
01HRVX104TXFNHYB38VZCJMSE9,01HRVWP94BCK002FQZDN5EA179,30/06/2022,Processed
01HRVX104VWZ854NNNSSZKFSW7,01HRVWP99YDBDX06SZM0WZ71PT,10/04/2022,Cancelled
01HRVX104WZ7QTFWRADTDAX07X,01HRVWP95G48TFZ6DN6DNVXAC9,02/06/2023,Processed
01HRVX104X5M8M1JRQX908V2VP,01HRVWP96564EFGBY19C1SXBM5,21/05/2022,Cancelled
01HRVX104YQX5Q3Q3FAWRR8GKZ,01HRVWP98702PYQ1TKY50Z1TM8,19/04/2020,Processed
01HRVX104YR3VRN3C3M4RG7BN5,01HRVWP96ACSQMD9WJWN61PFW8,10/05/2022,Processed
01HRVX104Z4B65EE3HF1KJN36W,01HRVWP9AW9X47W3EGB2T5G91X,15/07/2020,Cancelled
01HRVX1050JJ02GYNMG0WAC3DA,01HRVWP94ZFVZDB9E3RS9CDFDS,02/12/2023,Cancelled
01HRVX1051WYD7Z86AD2B6EZR1,01HRVWP9726WMTXPN1F2E170AE,11/11/2021,Processed
01HRVX105241RA51WZHEBBG2JH,01HRVWP97TV3J901ZKBJG3VYQN,03/06/2022,Processed
01HRVX10539QZMAKNP9VMPCWAA,01HRVWP95G0X1YGPF1NCV782HW,30/04/2023,Cancelled
01HRVX1053C1AZVWSPHZP8K8XR,01HRVWP96E6KWZED7GNYMH1AFR,15/07/2021,Cancelled
01HRVX10547Y8JH3W80ZQC1EA4,01HRVWP95ABRB8TF7A23BTA5KF,01/12/2021,Cancelled
01HRVX1055BSAEEX2CK21W6PD2,01HRVWP95CVH9KKXFVFAW7F1H3,13/06/2020,Processed
01HRVX0Z6BS3WWFQYBDY0GK5GX,01HRVWP95PDR3Y798ERA4Z48CB,09/11/2021,Cancelled
01HRVX101SDENE4CTYK3JM3G7B,01HRVWP92NG36ABH80N44FKRHG,21/03/2021,Processed
01HRVX107BQEGWNQMM5PKEWSP0,01HRVWPAGPGY5FKHG06JT15BZJ,27/02/2023,Processed
01HRVX107C7WPVKYJ7VE6GR62D,01HRVWP96CEG223SH06Q14TXYS,26/02/2023,Cancelled
01HRVX107D4HBC55VQ6404VRF6,01HRVWP9A35N541A7K7TPNNNQH,26/09/2020,Processed
01HRVX107E4DK4YGA6F96NRD3G,01HRVWP9BCRC8X0PSYAH5DKZSS,14/01/2022,Processed
01HRVX107E4SZ2SK04V4NDWZ8W,01HRVWP95W2S6R2MZTJDMQ8M6W,01/04/2023,Processed
01HRVX107FMKWJ5YGBJATR6TJ6,01HRVWP96PK1TG6T0BN6EZA4V5,21/09/2020,Processed
01HRVX107GZSWCPG0TEFWJT6HK,01HRVWP956EDZBTFR3HBTMNSGA,05/05/2020,Processed
01HRVX107HCBXBKWJ0E6S183F0,01HRVWP993GF5ATNFDRG30T9DA,19/09/2022,Processed
01HRVX107JVJVFWJPA7FZ28Q0R,01HRVWP93TYEA4NSP1ZTVW6VA1,21/06/2020,Processed
01HRVX107KQTB74BPM9H3T36EG,01HRVWP9651ZQQKJYK49K522GF,01/04/2021,Processed
01HRVX107K85KPQAAAJFG6WSPY,01HRVWP97G8K6FK5RA4P2HTRND,24/01/2021,Cancelled
01HRVX107MHMJBHTZSJ1CYTX6Z,01HRVWP9CQ00WXAS9JA0G8DNGV,10/02/2023,Cancelled
01HRVX107NJSDFX6PD79WRTPPV,01HRVWP95Q06E9HNN2SM85481W,27/10/2021,Cancelled
01HRVX107PDPC4AVFV1MXQ4ZBS,01HRVWP9CVNDXT0HP49YF3E2ZR,31/05/2020,Cancelled
01HRVX107QKJC3ATF2N77PP1KE,01HRVWP97TKPW2GSGQJJ2MVBCQ,06/01/2020,Cancelled
01HRVX107RNRY3VQT1WHFT5YZN,01HRVWP97KVYWTYCHHS84BCPPJ,24/02/2021,Processed
01HRVX107R7BJYWX7G6K1D6731,01HRVWP961DKXD5Q6E7PCS8WPA,27/09/2022,Processed
01HRVX107S99WM68PHZA2PK82X,01HRVWP97XJ0QN442DFT8XBSXG,20/10/2021,Processed
01HRVX107TDNNEH8WB1S4P3VYQ,01HRVWP990KZ9VFE25HH7GDJ44,07/03/2023,Processed
01HRVX107V1BSXTJYNMPBAGWP0,01HRVWP94SE1BYD2P6WTN5Z45D,08/04/2021,Cancelled
01HRVX107WE1K45WX817PHFZMN,01HRVWP96SVAEECRCEHCVGYGSE,05/09/2023,Cancelled
01HRVX107XWDVXMP1QN1AWMV6C,01HRVWP99GV6YVY8SS9KZF5NCS,13/06/2021,Processed
01HRVX107XGV2KHCAWTC6SCJW9,01HRVWP96XXVCMJ5F0BP0TQQG8,02/01/2020,Cancelled
01HRVX107YJSBN60VHR747654J,01HRVWP95DZHT85K56NNDRQEKS,15/01/2020,Cancelled
01HRVX107Z1K09FYZVJYVJB19Y,01HRVWP9BYKS6Z7BQE43H94RTD,28/02/2021,Processed
01HRVX1080EZ7QW9GEEN5ZKD66,01HRVWP96TR4TTE4R25XM0PSFY,26/10/2020,Cancelled
01HRVX1081J2991NEVJ8S9DSW2,01HRVWP97HTAC2ARTSXHFGFM55,09/06/2021,Cancelled
01HRVX10813T8P07JAPZRKGCWV,01HRVWP9584YX3GEFV05BB53J1,14/09/2022,Processed
01HRVX1082TSTC9ZA3S3C6MTMM,01HRVWP98A78A19938BMV7XD6Y,06/09/2020,Processed
01HRVX0T5EEGP3GH3A1CEP3X3C,01HRVWP98RE4ZNVNADQS0TAEBH,23/01/2023,Processed
01HRVX0VMYDGVJKTP7YDJSKKV7,01HRVWP9A35N541A7K7TPNNNQH,27/12/2020,Cancelled
01HRVX0VZZM6C4CQSQX02D5K62,01HRVWP9765ZEBG8956651T6BC,27/04/2023,Cancelled
01HRVX0W008J6871KS4BQ27J4Z,01HRVWP94T2513DZ99WGYFFBX8,14/12/2022,Processed
01HRVX0W01W7H14EZZRZ5PJE7P,01HRVWP9BSNRS4BTTJMZ4Y1GZ7,01/04/2022,Processed
01HRVX0W02BGD75VMAG9EAQMW8,01HRVWP9881TVW1NS27VG46T4Z,17/09/2021,Processed
01HRVX0W03HQEDD8PD73XDF4X3,01HRVWP96A7X4JHX6312DP0WJA,30/01/2023,Processed
01HRVX0W045HBMCVRT2FXPBBFN,01HRVWP98ZP22THTZC47R1YEP4,29/10/2021,Processed
01HRVX0W05CKHN9P9P6WBZNFZ2,01HRVWP95VWQD31WRBAYW9T4AQ,07/12/2023,Cancelled
01HRVX0W06DZFB2R0T50VEPA6P,01HRVWP99Q54P779MQ7YM0BTFP,10/08/2023,Cancelled
01HRVX0W078DZ75XSJASNDW5Y5,01HRVWP98XE9P8HE81K7MQVDP8,12/03/2021,Processed
01HRVX0W07YBN4F5H26F45F4AK,01HRVWP9AC9Y2ZBXKC7HS9Y8S8,10/10/2020,Cancelled
01HRVX0W083F3WQ2M124QRFN4V,01HRVWP9ADXQW5N32GB824KMWF,26/10/2020,Processed
01HRVX0W097XE61WF2W1NV7REM,01HRVWP96VPPK0GJ13ZW6APPQB,16/09/2022,Processed
01HRVX0W0A26N7J51XHXM43923,01HRVWP9AV3NNYR6EZTMYYH6KR,13/05/2021,Cancelled
01HRVX0W0BF9JC49SCG74DVZP1,01HRVWP97EEZC4FC0B456AA87A,05/04/2022,Cancelled
01HRVX0W0CC40RKZ326J3ERJT1,01HRVWP99229V0FSM862MS7F0Y,16/05/2020,Processed
01HRVX0W0DNS8QRR6SXJBHPNYS,01HRVWP963KNTGYW3HGS1JVEJM,20/02/2021,Cancelled
01HRVX0W0E3D1EYA5V67JBRGP0,01HRVWP9915RKZHJ5VF6KCBFSV,20/10/2022,Processed
01HRVX0W0FV5G1KRCEP2KJ4V3G,01HRVWP94KG9W6J67S6SY34NN5,18/07/2021,Processed
01HRVX0W0FXN66FDPKWQ75QW17,01HRVWP94FV0RZ7NTSMPVMCPZG,26/09/2022,Processed
01HRVX0W0GJC71YA54V8874RQR,01HRVWP98AWYHB9T9708FKQJCE,16/08/2021,Cancelled
01HRVX0W0HP00TJP3K11GPHV5M,01HRVWP97ZDENH0A3343YC9HW9,21/05/2022,Cancelled
01HRVX0W0J52MM5KXAG7CZWCBD,01HRVWP987SFGHAZDQZP2DR138,02/12/2020,Processed
01HRVX0W0KD8XH3RDFB9DVPGKC,01HRVWP956MTEX2B184BS1NWWC,28/09/2021,Processed
01HRVX0W0M889TDCWVGZTBKQZD,01HRVWP9A4AN8E8VNAM5CMAYWV,02/11/2023,Cancelled
01HRVX0W0MRRQ2HRN77CNNA5YX,01HRVWP983T6WBKFAK7MR2Q79R,12/04/2022,Cancelled
01HRVX0W0N82Y38TSNF3P40CJD,01HRVWP99FGJRKAX2ADWDCXEQ2,24/09/2020,Cancelled
01HRVX0W0PFQBK62FJEWV7TM86,01HRVWP9BHP8PNFD4AG95S6KTP,24/09/2021,Processed
01HRVX0W0Q3QX6S6MW70A48GDQ,01HRVWP9CNMJ8VD598CNGYAE62,29/12/2020,Cancelled
01HRVX0W0R628XDQ99QRD5T9TK,01HRVWP985TXHH438D097FC777,11/05/2022,Cancelled
01HRVX0W0SKGT28W5GR74J671R,01HRVWP982STW17QCFXQ01DZMC,01/10/2020,Cancelled
01HRVX0W0TZREF5V823ESGKBNN,01HRVWP99JPCPAPKD3FTAKHQGS,25/06/2023,Cancelled
01HRVX0W0VWFKMKNZ4FPQ8RNJC,01HRVWP9A062C8FRFSCQWWGK9N,25/01/2022,Cancelled
01HRVX0W0VD7FRZXTXR9M8TR49,01HRVWP99JZ0SK2W04K1RJDC2F,17/12/2023,Processed
01HRVX0W0WGR2QB3EE1WAZ0EZ5,01HRVWP9B679VCVQD9B0FV0SKR,10/05/2023,Processed
01HRVX0W0XMH6C28PGF8SZW3AJ,01HRVWP9BQGD9VCF303MM0GSVH,27/07/2020,Cancelled
01HRVX0W0YHJKTS37X5YKHESKD,01HRVWP99Q2RH0T2PZE3VRXF7V,08/01/2020,Processed
01HRVX0W0ZK2JAQWQWCQQ45F1N,01HRVWP96V27FZ9HXQCJCKBRM9,23/03/2020,Processed
